经度,纬度,业务时间,卡片记录编码,线路名称,经纬度,上车站点,实际站点
114.06433799999999,22.656986,2014-06-09 10:16,293452445,68路,"114.064338,22.656986",1,37
114.034683,22.642583,2014-06-09 10:21,292190124,68路,"114.034683,22.642583",2,31
114.034683,22.642583,2014-06-09 10:21,321553398,68路,"114.034683,22.642583",2,31
113.94825700000001,22.530096,2014-06-09 10:42,291146968,68路,"113.948257,22.530096",3,5
113.94825700000001,22.530096,2014-06-09 10:42,293122627,68路,"113.948257,22.530096",3,5
114.029754,22.527545,2014-06-09 10:53,322278410,68路,"114.029754,22.527545",4,10
114.036056,22.524547000000002,2014-06-09 10:55,329735636,68路,"114.036056,22.524547",5,11
114.038627,22.523084,2014-06-09 10:56,293001487,68路,"114.038627,22.523084",5,11
113.940483,22.549722,2014-06-09 11:06,23384881,68路,"113.940483,22.549722",6,3
113.940483,22.549722,2014-06-09 11:06,291153811,68路,"113.940483,22.549722",6,3
113.991752,22.525581,2014-06-09 11:21,326926634,68路,"113.991752,22.525581",7,6
114.04706499999999,22.518667,2014-06-09 11:25,327543149,68路,"114.047065,22.518667",8,12
114.075126,22.542928,2014-06-09 11:46,295766237,68路,"114.075126,22.542928",9,17
114.035072,22.6231,2014-06-09 12:05,251385411,68路,"114.035072,22.6231",10,30
114.035072,22.6231,2014-06-09 12:05,293641560,68路,"114.035072,22.6231",10,30
114.03406499999998,22.642652,2014-06-09 12:15,20705404,68路,"114.034065,22.642652",2,31
114.03406499999998,22.642652,2014-06-09 12:15,251377066,68路,"114.034065,22.642652",2,31
114.062446,22.63965,2014-06-09 12:27,330244602,68路,"114.062446,22.63965",11,34
114.05854699999999,22.637849,2014-06-09 12:34,292151123,68路,"114.058547,22.637849",12,33
114.06264399999999,22.639326,2014-06-09 12:36,323160407,68路,"114.062644,22.639326",11,34
114.06264399999999,22.639326,2014-06-09 12:36,328018375,68路,"114.062644,22.639326",11,34
114.06264399999999,22.639326,2014-06-09 12:36,328153060,68路,"114.062644,22.639326",11,34
114.061203,22.648195,2014-06-09 12:39,660062210,68路,"114.061203,22.648195",13,36
114.06542900000001,22.551076000000002,2014-06-09 09:01,328706579,68路,"114.065429,22.551076",20,20
114.04656899999999,22.518995,2014-06-09 09:02,20674536,68路,"114.046569,22.518995",8,12
114.04656899999999,22.518995,2014-06-09 09:02,290458994,68路,"114.046569,22.518995",8,12
114.04656899999999,22.518995,2014-06-09 09:02,290703701,68路,"114.046569,22.518995",8,12
114.06421599999999,22.537551,2014-06-09 09:08,360963590,68路,"114.064216,22.537551",21,15
114.046318,22.519163,2014-06-09 09:25,20184776,68路,"114.046318,22.519163",8,12
114.046318,22.519163,2014-06-09 09:25,290809519,68路,"114.046318,22.519163",8,12
114.029228,22.528411,2014-06-09 09:32,323624317,68路,"114.029228,22.528411",4,10
114.029228,22.528411,2014-06-09 09:32,325696404,68路,"114.029228,22.528411",4,10
114.03469,22.525232,2014-06-09 09:38,23226777,68路,"114.03469,22.525232",5,11
114.03469,22.525232,2014-06-09 09:38,324698219,68路,"114.03469,22.525232",5,11
114.04681299999999,22.595198999999997,2014-06-09 09:42,320770480,68路,"114.046813,22.595199",22,23
114.04681299999999,22.595198999999997,2014-06-09 09:42,321652611,68路,"114.046813,22.595199",22,23
114.04681299999999,22.595198999999997,2014-06-09 09:42,324734088,68路,"114.046813,22.595199",22,23
114.03984799999999,22.608016,2014-06-09 09:46,291141284,68路,"114.039848,22.608016",23,27
114.03984799999999,22.608016,2014-06-09 09:46,293800076,68路,"114.039848,22.608016",23,27
114.03984799999999,22.608016,2014-06-09 09:46,294434052,68路,"114.039848,22.608016",23,27
114.03984799999999,22.608016,2014-06-09 09:46,360390347,68路,"114.039848,22.608016",23,27
113.940605,22.540599,2014-06-09 12:27,320115085,68路,"113.940605,22.540599",6,3
114.04465400000001,22.599288,2014-06-09 13:22,296126553,68路,"114.044654,22.599288",24,25
114.03997,22.640933,2014-06-09 15:16,294859595,68路,"114.03997,22.640933",2,31
114.03997,22.640933,2014-06-09 15:19,329691528,68路,"114.03997,22.640933",2,31
114.05265,22.636804,2014-06-09 11:03,328354754,68路,"114.05265,22.636804",12,33
114.040222,22.640779000000002,2014-06-09 11:07,321385452,68路,"114.040222,22.640779",2,31
114.03941299999998,22.641166000000002,2014-06-09 11:07,329563335,68路,"114.039413,22.641166",2,31
114.03206599999999,22.639432,2014-06-09 11:13,329336996,68路,"114.032066,22.639432",2,31
114.03175300000001,22.63746,2014-06-09 11:13,326108867,68路,"114.031753,22.63746",2,31
114.040733,22.609395000000003,2014-06-09 11:27,360684999,68路,"114.040733,22.609395",19,28
114.07125,22.551,2014-06-09 11:47,700068632,68路,"114.07125,22.551",15,18
114.046646,22.519039000000003,2014-06-09 12:04,293424514,68路,"114.046646,22.519039",8,12
113.94856999999999,22.530099,2014-06-09 13:08,292837478,68路,"113.94857,22.530099",3,5
114.074653,22.542932,2014-06-09 13:39,327528265,68路,"114.074653,22.542932",9,17
114.04557,22.598833,2014-06-09 13:57,325950244,68路,"114.04557,22.598833",24,25
113.94068100000001,22.560582999999998,2014-06-09 17:52,296280531,68路,"113.940681,22.560583",17,2
114.032348,22.640167,2014-06-09 10:19,327152938,68路,"114.032348,22.640167",2,31
114.034851,22.623466,2014-06-09 10:28,322127454,68路,"114.034851,22.623466",10,30
114.05848600000002,22.637849,2014-06-09 14:04,330119161,68路,"114.058486,22.637849",12,33
114.06639799999999,22.659517,2014-06-09 15:16,361278093,68路,"114.066398,22.659517",1,37
113.940353,22.542299,2014-06-09 17:41,23576057,68路,"113.940353,22.542299",6,3
113.940551,22.541133,2014-06-09 17:43,323453449,68路,"113.940551,22.541133",6,3
114.071968,22.654766,2014-06-09 09:41,292922504,68路,"114.071968,22.654766",28,39
114.03903100000001,22.641307,2014-06-09 10:01,327142283,68路,"114.039031,22.641307",2,31
114.061691,22.521764,2014-06-09 11:06,321196871,68路,"114.061691,22.521764",25,14
114.04647,22.5191,2014-06-09 11:11,324999292,68路,"114.04647,22.5191",8,12
114.03932900000001,22.522741,2014-06-09 11:15,327096125,68路,"114.039329,22.522741",5,11
114.05239099999999,22.636951,2014-06-09 10:53,322359534,68路,"114.052391,22.636951",12,33
114.03206599999999,22.639345000000002,2014-06-09 11:01,330703468,68路,"114.032066,22.639345",2,31
114.03216499999999,22.63385,2014-06-09 11:02,326605312,68路,"114.032165,22.63385",10,30
114.071647,22.543216,2014-06-09 11:38,329891218,68路,"114.071647,22.543216",9,17
114.03908500000001,22.52275,2014-06-09 13:20,323701819,68路,"114.039085,22.52275",5,11
114.06296499999999,22.523408,2014-06-09 13:28,20646264,68路,"114.062965,22.523408",25,14
114.03971000000001,22.641084,2014-06-09 15:53,329223349,68路,"114.03971,22.641084",2,31
114.032546,22.62955,2014-06-09 16:07,323634115,68路,"114.032546,22.62955",10,30
114.061325,22.651730999999998,2014-06-09 09:08,660429260,68路,"114.061325,22.651731",13,36
114.03168400000001,22.637847,2014-06-09 09:30,360891291,68路,"114.031684,22.637847",2,31
114.031669,22.637332,2014-06-09 09:30,327395219,68路,"114.031669,22.637332",2,31
114.051391,22.518331,2014-06-09 10:36,294054731,68路,"114.051391,22.518331",8,12
114.04578300000001,22.519332000000002,2014-06-09 10:38,361070240,68路,"114.045783,22.519332",8,12
113.94042900000001,22.549165,2014-06-09 12:05,322067867,68路,"113.940429,22.549165",6,3
114.03961899999999,22.522392,2014-06-09 12:30,327351914,68路,"114.039619,22.522392",5,11
114.035179,22.642452,2014-06-09 13:23,322248496,68路,"114.035179,22.642452",2,31
114.037498,22.616266,2014-06-09 15:15,700265377,68路,"114.037498,22.616266",10,30
113.94041399999999,22.548749,2014-06-09 17:21,20972055,68路,"113.940414,22.548749",6,3
113.940498,22.545099,2014-06-09 17:23,321310620,68路,"113.940498,22.545099",6,3
113.94056699999999,22.540966,2014-06-09 17:24,329265852,68路,"113.940567,22.540966",6,3
113.94506799999999,22.533649,2014-06-09 17:29,281022238,68路,"113.945068,22.533649",29,4
114.03233300000001,22.630899,2014-06-09 09:01,328835610,68路,"114.032333,22.630899",10,30
114.03341599999999,22.627666,2014-06-09 09:02,294438853,68路,"114.033416,22.627666",10,30
114.03534599999999,22.621532000000002,2014-06-09 09:05,326705981,68路,"114.035346,22.621532",10,30
113.9944,22.52712,2014-06-09 11:48,324341065,68路,"113.9944,22.52712",18,7
114.06311699999999,22.655666,2014-06-09 13:12,295016404,68路,"114.063117,22.655666",1,37
114.03955,22.640949,2014-06-09 14:52,294335789,68路,"114.03955,22.640949",2,31
114.064819,22.537916,2014-06-09 15:41,298865092,68路,"114.064819,22.537916",21,15
114.031852,22.6389,2014-06-09 15:13,662240237,68路,"114.031852,22.6389",2,31
114.03495,22.623065,2014-06-09 15:19,296184397,68路,"114.03495,22.623065",10,30
114.07154799999999,22.655033,2014-06-09 10:23,330364774,68路,"114.071548,22.655033",28,39
114.060966,22.638751,2014-06-09 10:33,281027741,68路,"114.060966,22.638751",11,34
114.04205300000001,22.639728,2014-06-09 10:40,296387037,68路,"114.042053,22.639728",2,31
114.03504099999999,22.642528,2014-06-09 10:42,292758793,68路,"114.035041,22.642528",2,31
114.031997,22.639204,2014-06-09 10:45,294206770,68路,"114.031997,22.639204",2,31
114.03751299999999,22.616398999999998,2014-06-09 10:56,322950159,68路,"114.037513,22.616399",10,30
114.075668,22.543291,2014-06-09 11:28,80382156,68路,"114.075668,22.543291",9,17
114.063056,22.527256,2014-06-09 11:37,360886600,68路,"114.063056,22.527256",25,14
114.034927,22.525108,2014-06-09 11:50,292715850,68路,"114.034927,22.525108",5,11
114.03958100000001,22.522396,2014-06-09 13:07,293850682,68路,"114.039581,22.522396",5,11
114.062568,22.5631,2014-06-09 13:34,287057282,68路,"114.062568,22.5631",31,21
113.94056699999999,22.544798999999998,2014-06-09 17:48,290425592,68路,"113.940567,22.544799",6,3
113.94062,22.540848999999998,2014-06-09 17:50,360242730,68路,"113.94062,22.540849",6,3
114.06313300000001,22.537216,2014-06-09 10:38,293550516,68路,"114.063133,22.537216",21,15
114.061866,22.638896,2014-06-09 09:00,293933722,68路,"114.061866,22.638896",11,34
114.057098,22.636966,2014-06-09 09:03,329611825,68路,"114.057098,22.636966",12,33
114.03505700000001,22.622566,2014-06-09 09:26,23375379,68路,"114.035057,22.622566",10,30
114.02424599999999,22.531419,2014-06-09 12:16,294251925,68路,"114.024246,22.531419",26,9
114.051918,22.517955,2014-06-09 12:28,294340920,68路,"114.051918,22.517955",8,12
114.062797,22.655134,2014-06-09 14:29,330174009,68路,"114.062797,22.655134",1,37
114.042602,22.639432,2014-06-09 14:43,280136984,68路,"114.042602,22.639432",2,31
114.036331,22.524366,2014-06-09 17:38,20606937,68路,"114.036331,22.524366",5,11
114.044952,22.519599,2014-06-09 09:21,323296530,68路,"114.044952,22.519599",8,12
113.940605,22.541666,2014-06-09 10:30,361374341,68路,"113.940605,22.541666",6,3
114.062568,22.654808,2014-06-09 14:09,326105643,68路,"114.062568,22.654808",1,37
113.94045200000001,22.548767,2014-06-09 16:26,320768704,68路,"113.940452,22.548767",6,3
113.940551,22.54095,2014-06-09 16:28,323383336,68路,"113.940551,22.54095",6,3
114.063201,22.528417,2014-06-09 17:04,328032417,68路,"114.063201,22.528417",25,14
114.06296499999999,22.537166,2014-06-09 10:41,326344126,68路,"114.062965,22.537166",21,15
114.03926799999999,22.641251999999998,2014-06-09 13:19,329536584,68路,"114.039268,22.641252",2,31
114.03566699999999,22.620891,2014-06-09 13:34,328892128,68路,"114.035667,22.620891",10,30
114.04032099999999,22.605056,2014-06-09 13:42,329718733,68路,"114.040321,22.605056",32,26
114.045425,22.596542000000003,2014-06-09 13:45,20680990,68路,"114.045425,22.596542",33,24
114.06286599999999,22.528667000000002,2014-06-09 14:11,321857675,68路,"114.062866,22.528667",25,14
114.063034,22.537067,2014-06-09 16:36,23152808,68路,"114.063034,22.537067",21,15
114.07579799999999,22.542417,2014-06-09 16:40,293087189,68路,"114.075798,22.542417",9,17
114.06208799999999,22.640775,2014-06-09 17:55,251294297,68路,"114.062088,22.640775",11,34
114.062927,22.525543,2014-06-09 14:19,20446245,68路,"114.062927,22.525543",25,14
113.944999,22.537633,2014-06-09 09:03,329664965,68路,"113.944999,22.537633",29,4
114.076049,22.544649,2014-06-09 14:59,322596445,68路,"114.076049,22.544649",9,17
113.941047,22.539363,2014-06-09 09:50,285070694,68路,"113.941047,22.539363",6,3
114.066528,22.659682999999998,2014-06-09 13:38,50640963,68路,"114.066528,22.659683",1,37
114.065605,22.658601,2014-06-09 13:38,327414943,68路,"114.065605,22.658601",1,37
113.94075,22.540433,2014-06-09 15:09,20520301,68路,"113.94075,22.540433",6,3
114.042984,22.5205,2014-06-09 17:00,50511136,68路,"114.042984,22.5205",8,12
114.03823,22.615382999999998,2014-06-09 17:38,360103036,68路,"114.03823,22.615383",10,30
114.043601,22.520343,2014-06-09 09:48,325069792,68路,"114.043601,22.520343",8,12
114.06294199999999,22.524595,2014-06-09 13:57,151053857,68路,"114.062942,22.524595",25,14
113.94038300000001,22.549132999999998,2014-06-09 15:36,294585052,68路,"113.940383,22.549133",6,3
114.063201,22.537433,2014-06-09 16:20,323866824,68路,"114.063201,22.537433",21,15
114.04153400000001,22.639923,2014-06-09 11:17,327233315,68路,"114.041534,22.639923",2,31
114.06288899999998,22.527275,2014-06-09 12:04,251329050,68路,"114.062889,22.527275",25,14
114.041366,22.64005,2014-06-09 14:40,360942013,68路,"114.041366,22.64005",2,31
114.040603,22.609966,2014-06-09 16:40,321931200,68路,"114.040603,22.609966",19,28
114.04988,22.637783,2014-06-09 11:43,361338773,68路,"114.04988,22.637783",35,32
114.03168400000001,22.636932,2014-06-09 11:53,328724907,68路,"114.031684,22.636932",2,31
113.94791399999998,22.530099,2014-06-09 14:04,660539149,68路,"113.947914,22.530099",3,5
114.06253000000001,22.563467000000003,2014-06-09 14:52,293918716,68路,"114.06253,22.563467",31,21
114.07621699999999,22.544567,2014-06-09 17:37,328689735,68路,"114.076217,22.544567",9,17
114.0317,22.637233,2014-06-09 14:21,290189851,68路,"114.0317,22.637233",2,31
114.07201299999998,22.540433,2014-06-09 17:34,251277264,68路,"114.072013,22.540433",36,16
114.06963300000001,22.551116,2014-06-09 17:52,330637683,68路,"114.069633,22.551116",37,19
113.940444,22.548536,2014-06-09 15:21,329226392,68路,"113.940444,22.548536",6,3
114.062576,22.563283,2014-06-09 16:13,361216540,68路,"114.062576,22.563283",31,21
114.052314,22.636955,2014-06-09 13:09,293395711,68路,"114.052314,22.636955",12,33
114.034782,22.525102,2014-06-09 14:13,293172406,68路,"114.034782,22.525102",5,11
114.04551599999999,22.598782999999997,2014-06-09 16:57,23098193,68路,"114.045516,22.598783",24,25
114.036598,22.618682,2014-06-09 17:04,325977656,68路,"114.036598,22.618682",10,30
114.07141100000001,22.543167,2014-06-09 13:17,360066870,68路,"114.071411,22.543167",9,17
114.07348600000002,22.5429,2014-06-09 15:28,330709302,68路,"114.073486,22.5429",9,17
114.05228400000001,22.636982999999997,2014-06-09 17:41,361557311,68路,"114.052284,22.636983",12,33
114.042266,22.639616,2014-06-09 17:45,327285416,68路,"114.042266,22.639616",2,31
114.038803,22.522867,2014-06-09 09:37,294358707,68路,"114.038803,22.522867",5,11
114.03498799999998,22.623424,2014-06-09 10:14,280857339,68路,"114.034988,22.623424",10,30
114.031745,22.636751,2014-06-09 12:08,20620267,68路,"114.031745,22.636751",2,31
113.94075,22.540232999999997,2014-06-09 13:18,329574734,68路,"113.94075,22.540233",6,3
113.944648,22.539282999999998,2014-06-09 14:14,292499134,68路,"113.944648,22.539283",29,4
114.03347,22.627567000000003,2014-06-09 15:23,361217898,68路,"114.03347,22.627567",10,30
114.04296799999999,22.639139,2014-06-09 10:14,330700173,68路,"114.042968,22.639139",2,31
114.035018,22.642612,2014-06-09 11:38,327090862,68路,"114.035018,22.642612",2,31
114.07166200000002,22.551036,2014-06-09 12:09,23606623,68路,"114.071662,22.551036",15,18
114.02383400000001,22.531482,2014-06-09 13:48,293840335,68路,"114.023834,22.531482",26,9
114.04809499999999,22.518507999999997,2014-06-09 13:54,323413745,68路,"114.048095,22.518508",8,12
114.03507900000001,22.524998999999998,2014-06-09 17:42,20084360,68路,"114.035079,22.524999",5,11
114.062683,22.539316,2014-06-09 09:00,323411594,68路,"114.062683,22.539316",0,37
113.944969,22.538784,2014-06-09 09:42,326516734,68路,"113.944969,22.538784",29,4
114.033004,22.629146,2014-06-09 10:39,80326617,68路,"114.033004,22.629146",10,30
114.030464,22.527214999999998,2014-06-09 15:25,329326535,68路,"114.030464,22.527215",4,10
114.04523400000001,22.598882,2014-06-09 16:06,321158553,68路,"114.045234,22.598882",24,25
114.04053400000001,22.610633,2014-06-09 16:12,361079305,68路,"114.040534,22.610633",19,28
114.036399,22.618883,2014-06-09 16:15,292476391,68路,"114.036399,22.618883",10,30
114.03582,22.620532,2014-06-09 16:16,327381771,68路,"114.03582,22.620532",10,30
114.03838300000001,22.523387,2014-06-09 12:24,320578934,68路,"114.038383,22.523387",5,11
114.036216,22.524496,2014-06-09 13:48,660535423,68路,"114.036216,22.524496",5,11
114.03926799999999,22.522691000000002,2014-06-09 13:51,326294672,68路,"114.039268,22.522691",5,11
114.0382,22.6154,2014-06-09 14:31,327242510,68路,"114.0382,22.6154",10,30
114.03546899999999,22.621799,2014-06-09 14:34,329577142,68路,"114.035469,22.621799",10,30
114.052421,22.636915,2014-06-09 16:15,321439113,68路,"114.052421,22.636915",12,33
114.062675,22.654795999999997,2014-06-09 16:39,324736776,68路,"114.062675,22.654796",1,37
114.03233300000001,22.629282999999997,2014-06-09 17:11,320585303,68路,"114.032333,22.629283",10,30
114.062683,22.523134,2014-06-09 09:01,360105844,68路,"114.062683,22.523134",25,14
114.03656699999999,22.524316,2014-06-09 09:11,20705996,68路,"114.036567,22.524316",5,11
114.032249,22.526683,2014-06-09 09:14,329855482,68路,"114.032249,22.526683",0,37
114.02960900000001,22.528135,2014-06-09 09:16,330826570,68路,"114.029609,22.528135",4,10
113.94488500000001,22.539234,2014-06-09 10:43,20597616,68路,"113.944885,22.539234",29,4
114.076202,22.546332999999997,2014-06-09 11:20,293381751,68路,"114.076202,22.546333",9,17
114.061264,22.649084,2014-06-09 12:17,251132744,68路,"114.061264,22.649084",13,36
114.05986000000001,22.520462,2014-06-09 14:35,326692929,68路,"114.05986,22.520462",25,14
114.04541699999999,22.598917,2014-06-09 17:19,361111839,68路,"114.045417,22.598917",24,25
114.05421399999999,22.636034,2014-06-09 17:49,320555240,68路,"114.054214,22.636034",12,33
113.945198,22.532922,2014-06-09 09:00,360806801,68路,"113.945198,22.532922",29,4
114.035797,22.620348999999997,2014-06-09 10:08,325628227,68路,"114.035797,22.620349",10,30
114.058517,22.637933,2014-06-09 10:25,280620668,68路,"114.058517,22.637933",12,33
114.031745,22.637404999999998,2014-06-09 12:16,361268005,68路,"114.031745,22.637405",2,31
114.03294299999999,22.629035000000002,2014-06-09 12:22,361223317,68路,"114.032943,22.629035",10,30
114.04985,22.63775,2014-06-09 17:10,180056520,68路,"114.04985,22.63775",35,32
114.066032,22.551099,2014-06-09 17:54,320272573,68路,"114.066032,22.551099",20,20
114.03462900000001,22.624584,2014-06-09 11:01,322581438,68路,"114.034629,22.624584",10,30
114.03586499999999,22.620182999999997,2014-06-09 11:55,361036913,68路,"114.035865,22.620183",10,30
114.071952,22.654783,2014-06-09 13:20,251336600,68路,"114.071952,22.654783",28,39
114.06285,22.655321,2014-06-09 13:25,291092199,68路,"114.06285,22.655321",1,37
114.03528500000002,22.642541,2014-06-09 13:40,330700784,68路,"114.035285,22.642541",2,31
114.031631,22.637065,2014-06-09 13:44,293166527,68路,"114.031631,22.637065",2,31
114.029533,22.528232,2014-06-09 14:49,327239926,68路,"114.029533,22.528232",4,10
114.043899,22.520111,2014-06-09 10:30,328380558,68路,"114.043899,22.520111",8,12
114.00796499999998,22.529766,2014-06-09 10:31,680493510,68路,"114.007965,22.529766",0,37
114.075195,22.542816000000002,2014-06-09 12:26,20323305,68路,"114.075195,22.542816",9,17
114.04203000000001,22.521165,2014-06-09 15:28,280351258,68路,"114.04203,22.521165",8,12
113.940498,22.54405,2014-06-09 09:37,296270559,68路,"113.940498,22.54405",6,3
113.940513,22.541048999999997,2014-06-09 09:38,287113096,68路,"113.940513,22.541049",6,3
114.06326200000001,22.536817000000003,2014-06-09 10:18,280732820,68路,"114.063262,22.536817",21,15
114.03338600000001,22.628133,2014-06-09 10:57,291698610,68路,"114.033386,22.628133",10,30
114.037719,22.641834,2014-06-09 12:56,23219315,68路,"114.037719,22.641834",2,31
114.02363500000001,22.531499,2014-06-09 15:36,290485215,68路,"114.023635,22.531499",26,9
114.06508600000001,22.5379,2014-06-09 15:57,322605999,68路,"114.065086,22.5379",21,15
114.062797,22.537082,2014-06-09 09:50,325912477,68路,"114.062797,22.537082",21,15
113.940574,22.541564,2014-06-09 14:27,322980338,68路,"113.940574,22.541564",6,3
114.043617,22.520082000000002,2014-06-09 14:53,660200613,68路,"114.043617,22.520082",8,12
114.05511399999999,22.518566,2014-06-09 14:55,285084581,68路,"114.055114,22.518566",27,13
114.035858,22.620006,2014-06-09 17:46,328298524,68路,"114.035858,22.620006",10,30
114.032028,22.637767,2014-06-09 10:40,325938512,68路,"114.032028,22.637767",2,31
114.039817,22.641059,2014-06-09 12:38,328641267,68路,"114.039817,22.641059",2,31
114.036819,22.523965,2014-06-09 15:20,291471246,68路,"114.036819,22.523965",5,11
114.05778500000001,22.637382000000002,2014-06-09 09:30,361320106,68路,"114.057785,22.637382",12,33
114.03958100000001,22.641067,2014-06-09 09:37,291145344,68路,"114.039581,22.641067",2,31
114.034896,22.642583,2014-06-09 09:39,291232859,68路,"114.034896,22.642583",2,31
114.02988400000001,22.528049,2014-06-09 10:53,328884296,68路,"114.029884,22.528049",4,10
113.94796699999999,22.530117,2014-06-09 12:30,321069557,68路,"113.947967,22.530117",3,5
113.99105,22.525115,2014-06-09 12:35,280176962,68路,"113.99105,22.525115",7,6
114.06313999999999,22.528760000000002,2014-06-09 12:52,290455306,68路,"114.06314,22.52876",25,14
113.94063500000001,22.544798999999998,2014-06-09 17:21,292593959,68路,"113.940635,22.544799",6,3
113.94506799999999,22.533016,2014-06-09 17:26,326799767,68路,"113.945068,22.533016",29,4
114.04053400000001,22.610416,2014-06-09 13:01,322728475,68路,"114.040534,22.610416",19,28
114.074684,22.543266,2014-06-09 15:48,292404060,68路,"114.074684,22.543266",9,17
114.07341699999999,22.5429,2014-06-09 17:43,292388165,68路,"114.073417,22.5429",9,17
114.04528,22.596712,2014-06-09 16:00,20697011,68路,"114.04528,22.596712",33,24
114.06154599999999,22.652182999999997,2014-06-09 10:43,327404723,68路,"114.061546,22.652183",13,36
114.063079,22.537,2014-06-09 13:24,20680911,68路,"114.063079,22.537",21,15
114.0456,22.598733,2014-06-09 13:46,20568212,68路,"114.0456,22.598733",24,25
114.032218,22.63945,2014-06-09 10:14,296370235,68路,"114.032218,22.63945",2,31
114.036231,22.619498999999998,2014-06-09 10:25,322327976,68路,"114.036231,22.619499",10,30
114.03683400000001,22.618049,2014-06-09 10:25,327118311,68路,"114.036834,22.618049",10,30
114.04488300000001,22.597017,2014-06-09 16:07,322513525,68路,"114.044883,22.597017",33,24
113.940818,22.5575,2014-06-09 17:28,295577780,68路,"113.940818,22.5575",17,2
113.991577,22.525468,2014-06-09 17:50,324601107,68路,"113.991577,22.525468",7,6
114.04243400000001,22.639383,2014-06-09 16:00,292205041,68路,"114.042434,22.639383",2,31
114.039451,22.641117,2014-06-09 09:10,329579135,68路,"114.039451,22.641117",2,31
114.032218,22.6399,2014-06-09 09:12,21059649,68路,"114.032218,22.6399",2,31
113.94046000000002,22.548251999999998,2014-06-09 12:31,291663427,68路,"113.94046,22.548252",6,3
114.06124799999999,22.648332,2014-06-09 14:04,23412784,68路,"114.061248,22.648332",13,36
114.068969,22.658117,2014-06-09 15:30,360687324,68路,"114.068969,22.658117",0,37
113.94063500000001,22.560266,2014-06-09 17:43,700255556,68路,"113.940635,22.560266",17,2
113.94056699999999,22.5442,2014-06-09 17:54,290624269,68路,"113.940567,22.5442",6,3
114.06278200000001,22.536932999999998,2014-06-09 12:20,23441735,68路,"114.062782,22.536933",21,15
114.07225,22.6546,2014-06-09 14:30,292567746,68路,"114.07225,22.6546",28,39
114.05836399999998,22.63775,2014-06-09 14:42,293699623,68路,"114.058364,22.63775",12,33
114.03598000000001,22.619583,2014-06-09 15:05,327118672,68路,"114.03598,22.619583",10,30
114.062347,22.522233,2014-06-09 17:05,329864519,68路,"114.062347,22.522233",25,14
114.06316299999999,22.528717,2014-06-09 17:07,325803487,68路,"114.063163,22.528717",25,14
114.036064,22.619382,2014-06-09 09:10,327255146,68路,"114.036064,22.619382",10,30
114.042533,22.6394,2014-06-09 13:05,700171301,68路,"114.042533,22.6394",2,31
114.06313300000001,22.537384,2014-06-09 15:48,326915537,68路,"114.063133,22.537384",21,15
114.02976899999999,22.528116,2014-06-09 09:10,327482425,68路,"114.029769,22.528116",4,10
114.03649899999999,22.618865,2014-06-09 11:45,323461880,68路,"114.036499,22.618865",10,30
114.057952,22.637582000000002,2014-06-09 13:43,322768183,68路,"114.057952,22.637582",12,33
114.039451,22.641149,2014-06-09 13:51,294348042,68路,"114.039451,22.641149",2,31
114.035697,22.642467,2014-06-09 13:53,328843874,68路,"114.035697,22.642467",2,31
114.074279,22.543117000000002,2014-06-09 14:38,321828661,68路,"114.074279,22.543117",9,17
113.94511399999999,22.533666,2014-06-09 15:12,330161206,68路,"113.945114,22.533666",29,4
114.03386599999999,22.626916,2014-06-09 17:19,292032900,68路,"114.033866,22.626916",10,30
114.03751299999999,22.616332999999997,2014-06-09 12:52,294302977,68路,"114.037513,22.616333",10,30
114.02983,22.528133,2014-06-09 13:40,329559556,68路,"114.02983,22.528133",4,10
114.059417,22.52005,2014-06-09 15:01,293919802,68路,"114.059417,22.52005",25,14
114.07354699999999,22.542865,2014-06-09 15:12,80261703,68路,"114.073547,22.542865",9,17
114.029983,22.52745,2014-06-09 09:46,293827874,68路,"114.029983,22.52745",4,10
113.947433,22.530348999999998,2014-06-09 10:23,330277681,68路,"113.947433,22.530349",3,5
114.045433,22.596532,2014-06-09 14:02,296106347,68路,"114.045433,22.596532",33,24
114.043029,22.52045,2014-06-09 16:04,291297625,68路,"114.043029,22.52045",8,12
113.94053600000001,22.54075,2014-06-09 09:15,326872575,68路,"113.940536,22.54075",6,3
113.94791399999998,22.530082,2014-06-09 09:22,291127673,68路,"113.947914,22.530082",3,5
114.03935200000001,22.522516,2014-06-09 09:38,20959852,68路,"114.039352,22.522516",5,11
114.051666,22.518016,2014-06-09 09:44,291634696,68路,"114.051666,22.518016",8,12
114.07163200000001,22.543167,2014-06-09 13:08,296048647,68路,"114.071632,22.543167",9,17
114.029716,22.528164999999998,2014-06-09 09:54,292475705,68路,"114.029716,22.528165",4,10
114.035202,22.621833,2014-06-09 11:59,251181844,68路,"114.035202,22.621833",10,30
114.061279,22.649175,2014-06-09 12:26,251217148,68路,"114.061279,22.649175",13,36
114.06118000000001,22.643333,2014-06-09 14:00,296149813,68路,"114.06118,22.643333",39,35
114.04951399999999,22.6378,2014-06-09 14:09,322451622,68路,"114.049514,22.6378",35,32
114.03808500000001,22.641666,2014-06-09 14:12,326655609,68路,"114.038085,22.641666",2,31
114.04049599999999,22.610349,2014-06-09 14:27,325794166,68路,"114.040496,22.610349",19,28
114.04548600000001,22.5988,2014-06-09 17:27,30070327,68路,"114.045486,22.5988",24,25
113.99665,22.529266,2014-06-09 09:17,20622703,68路,"113.99665,22.529266",18,7
113.944999,22.537599,2014-06-09 10:47,291595436,68路,"113.944999,22.537599",29,4
114.06495600000001,22.551376,2014-06-09 11:29,322693182,68路,"114.064956,22.551376",20,20
114.03173000000001,22.637804,2014-06-09 14:09,321801173,68路,"114.03173,22.637804",2,31
114.03611699999999,22.61935,2014-06-09 14:19,293105816,68路,"114.036117,22.61935",10,30
114.04234299999999,22.520984,2014-06-09 15:07,360158406,68路,"114.042343,22.520984",8,12
113.940551,22.543167,2014-06-09 16:05,660604258,68路,"113.940551,22.543167",6,3
114.039451,22.522516,2014-06-09 16:26,327493338,68路,"114.039451,22.522516",5,11
114.04021399999999,22.605667,2014-06-09 17:15,325696557,68路,"114.040214,22.605667",32,26
114.036819,22.524015,2014-06-09 09:29,291699098,68路,"114.036819,22.524015",5,11
113.996101,22.528984,2014-06-09 09:14,280111802,68路,"113.996101,22.528984",18,7
113.94798200000001,22.530082,2014-06-09 10:29,323424289,68路,"113.947982,22.530082",3,5
114.073753,22.542917000000003,2014-06-09 11:00,180103684,68路,"114.073753,22.542917",9,17
114.033653,22.627198999999997,2014-06-09 12:29,323341940,68路,"114.033653,22.627199",10,30
114.036285,22.524333,2014-06-09 14:18,151004248,68路,"114.036285,22.524333",5,11
114.047233,22.5186,2014-06-09 14:24,20041468,68路,"114.047233,22.5186",8,12
114.03173000000001,22.637233,2014-06-09 11:30,320925148,68路,"114.03173,22.637233",2,31
114.038131,22.615448999999998,2014-06-09 14:26,327399994,68路,"114.038131,22.615449",10,30
114.036514,22.618816,2014-06-09 14:29,361368537,68路,"114.036514,22.618816",10,30
114.033782,22.626898999999998,2014-06-09 14:34,294639164,68路,"114.033782,22.626899",10,30
114.038719,22.641515,2014-06-09 16:13,322247703,68路,"114.038719,22.641515",2,31
114.040031,22.6054,2014-06-09 16:38,20135841,68路,"114.040031,22.6054",32,26
114.066047,22.551082,2014-06-09 16:51,23598738,68路,"114.066047,22.551082",20,20
114.06285,22.538048999999997,2014-06-09 09:00,20414243,68路,"114.06285,22.538049",21,15
114.04296799999999,22.520349,2014-06-09 10:03,320241158,68路,"114.042968,22.520349",8,12
114.069732,22.551116,2014-06-09 10:27,360935991,68路,"114.069732,22.551116",37,19
114.045349,22.598917,2014-06-09 10:38,360913331,68路,"114.045349,22.598917",24,25
114.06643600000001,22.659599,2014-06-09 12:46,328789290,68路,"114.066436,22.659599",1,37
114.032081,22.639782999999998,2014-06-09 13:06,291436540,68路,"114.032081,22.639783",2,31
114.0457,22.596317000000003,2014-06-09 13:29,292371629,68路,"114.0457,22.596317",33,24
114.046951,22.518716,2014-06-09 15:33,322522203,68路,"114.046951,22.518716",8,12
114.051818,22.518082999999997,2014-06-09 15:35,360726871,68路,"114.051818,22.518083",8,12
114.06316299999999,22.537384,2014-06-09 15:44,280394529,68路,"114.063163,22.537384",21,15
114.062141,22.64038,2014-06-09 17:03,293714868,68路,"114.062141,22.64038",11,34
114.032081,22.631483,2014-06-09 12:49,325045040,68路,"114.032081,22.631483",10,30
113.94075,22.540198999999998,2014-06-09 13:59,660041677,68路,"113.94075,22.540199",6,3
114.047164,22.518615,2014-06-09 15:12,321696581,68路,"114.047164,22.518615",8,12
114.06304899999999,22.535034,2014-06-09 15:25,328707093,68路,"114.063049,22.535034",21,15
114.0382,22.61565,2014-06-09 16:00,293411737,68路,"114.0382,22.61565",10,30
114.03626200000001,22.619384,2014-06-09 16:02,293861455,68路,"114.036262,22.619384",10,30
114.076232,22.54615,2014-06-09 11:51,322834149,68路,"114.076232,22.54615",9,17
114.040481,22.610183,2014-06-09 14:46,298856882,68路,"114.040481,22.610183",19,28
114.038963,22.522817,2014-06-09 11:44,293076057,68路,"114.038963,22.522817",5,11
114.03753600000002,22.616184,2014-06-09 14:51,680883678,68路,"114.037536,22.616184",10,30
114.06124799999999,22.5725,2014-06-09 15:06,292387405,68路,"114.061248,22.5725",38,22
114.02983,22.528133,2014-06-09 15:50,322262208,68路,"114.02983,22.528133",4,10
114.032119,22.631834,2014-06-09 13:19,327490630,68路,"114.032119,22.631834",10,30
114.04499799999999,22.5969,2014-06-09 13:33,296055340,68路,"114.044998,22.5969",33,24
114.035018,22.525016,2014-06-09 14:10,294178895,68路,"114.035018,22.525016",5,11
114.042915,22.520416,2014-06-09 15:41,290761138,68路,"114.042915,22.520416",8,12
114.05171899999999,22.518082999999997,2014-06-09 15:45,324129236,68路,"114.051719,22.518083",8,12
114.03514799999999,22.62195,2014-06-09 09:32,328359468,68路,"114.035148,22.62195",10,30
114.061714,22.641265,2014-06-09 10:33,280140283,68路,"114.061714,22.641265",11,34
114.06106499999999,22.647983,2014-06-09 12:11,251018851,68路,"114.061065,22.647983",13,36
114.03469,22.642763000000002,2014-06-09 12:22,328727725,68路,"114.03469,22.642763",2,31
114.0624,22.562822,2014-06-09 17:47,326496100,68路,"114.0624,22.562822",31,21
114.03926799999999,22.52275,2014-06-09 10:24,680987354,68路,"114.039268,22.52275",5,11
114.03216499999999,22.631849,2014-06-09 13:41,292446330,68路,"114.032165,22.631849",10,30
114.04078600000001,22.61025,2014-06-09 13:51,328405614,68路,"114.040786,22.61025",19,28
113.94046000000002,22.556704999999997,2014-06-09 15:18,323147122,68路,"113.94046,22.556705",17,2
114.063079,22.536966,2014-06-09 16:03,20657930,68路,"114.063079,22.536966",21,15
114.073516,22.542949,2014-06-09 16:08,323454878,68路,"114.073516,22.542949",9,17
114.04036699999999,22.6102,2014-06-09 13:55,329539513,68路,"114.040367,22.6102",19,28
114.074836,22.5433,2014-06-09 14:18,360620262,68路,"114.074836,22.5433",9,17
114.064613,22.537882999999997,2014-06-09 14:22,23428954,68路,"114.064613,22.537883",21,15
114.06273600000002,22.536516,2014-06-09 14:23,327412004,68路,"114.062736,22.536516",21,15
114.03898600000001,22.522882,2014-06-09 14:36,322899506,68路,"114.038986,22.522882",5,11
113.940399,22.54895,2014-06-09 15:29,320586919,68路,"113.940399,22.54895",6,3
114.063102,22.536983,2014-06-09 16:08,291602424,68路,"114.063102,22.536983",21,15
114.04094599999999,22.521532999999998,2014-06-09 12:37,292352081,68路,"114.040946,22.521533",8,12
114.06496399999999,22.53775,2014-06-09 12:47,326307206,68路,"114.064964,22.53775",21,15
114.07599599999999,22.551,2014-06-09 12:50,280426261,68路,"114.075996,22.551",0,37
114.02336799999999,22.531517,2014-06-09 09:08,660642732,68路,"114.023368,22.531517",26,9
114.07176899999999,22.65505,2014-06-09 11:56,251019818,68路,"114.071769,22.65505",28,39
114.061035,22.648117000000003,2014-06-09 12:05,251023262,68路,"114.061035,22.648117",13,36
114.04011499999999,22.640882,2014-06-09 12:16,321295644,68路,"114.040115,22.640882",2,31
113.940353,22.549266,2014-06-09 14:02,290779787,68路,"113.940353,22.549266",6,3
114.04548600000001,22.598748999999998,2014-06-09 15:11,328638332,68路,"114.045486,22.598749",24,25
114.062049,22.640483,2014-06-09 15:52,293788561,68路,"114.062049,22.640483",11,34
114.07178400000001,22.654982999999998,2014-06-09 16:43,361235677,68路,"114.071784,22.654983",28,39
114.06124799999999,22.572517,2014-06-09 17:42,251392321,68路,"114.061248,22.572517",38,22
114.04721799999999,22.518615,2014-06-09 13:59,291442570,68路,"114.047218,22.518615",8,12
114.064796,22.5379,2014-06-09 17:10,326469279,68路,"114.064796,22.5379",21,15
114.04638600000001,22.519064999999998,2014-06-09 17:23,291302803,68路,"114.046386,22.519065",8,12
114.03781799999999,22.615755,2014-06-09 12:29,327414466,68路,"114.037818,22.615755",10,30
113.996765,22.529466,2014-06-09 13:17,361189467,68路,"113.996765,22.529466",18,7
114.04364699999999,22.520015,2014-06-09 14:12,80323819,68路,"114.043647,22.520015",8,12
114.05918100000001,22.5198,2014-06-09 14:16,328788649,68路,"114.059181,22.5198",25,14
114.06475,22.537715,2014-06-09 14:25,329660743,68路,"114.06475,22.537715",21,15
114.069686,22.551134,2014-06-09 14:36,330333517,68路,"114.069686,22.551134",37,19
114.061302,22.643749,2014-06-09 15:29,322942105,68路,"114.061302,22.643749",39,35
114.072151,22.654817,2014-06-09 16:16,290641612,68路,"114.072151,22.654817",28,39
114.032249,22.639932,2014-06-09 16:43,660494989,68路,"114.032249,22.639932",2,31
114.07601899999999,22.544767,2014-06-09 17:34,329641043,68路,"114.076019,22.544767",9,17
114.071899,22.5431,2014-06-09 17:36,180019211,68路,"114.071899,22.5431",9,17
114.04578300000001,22.519315,2014-06-09 17:54,292320648,68路,"114.045783,22.519315",8,12
114.043365,22.52045,2014-06-09 10:05,291369478,68路,"114.043365,22.52045",8,12
113.940467,22.5491,2014-06-09 11:37,296189081,68路,"113.940467,22.5491",6,3
114.062614,22.537166,2014-06-09 12:14,326344126,68路,"114.062614,22.537166",21,15
114.03251599999999,22.629566,2014-06-09 14:52,293896864,68路,"114.032516,22.629566",10,30
114.03596399999999,22.6196,2014-06-09 14:56,329344549,68路,"114.035964,22.6196",10,30
114.07601899999999,22.544782,2014-06-09 15:29,30018953,68路,"114.076019,22.544782",9,17
113.94355,22.539248999999998,2014-06-09 16:48,20447087,68路,"113.94355,22.539249",29,4
114.03585,22.620317,2014-06-09 17:49,325173296,68路,"114.03585,22.620317",10,30
114.03321799999999,22.628551,2014-06-09 17:56,329225235,68路,"114.033218,22.628551",10,30
114.06109599999999,22.6499,2014-06-09 14:58,327126973,68路,"114.061096,22.6499",13,36
113.94065,22.560632000000002,2014-06-09 11:42,298872676,68路,"113.94065,22.560632",17,2
113.948532,22.530099,2014-06-09 11:55,20381718,68路,"113.948532,22.530099",3,5
114.036331,22.619066,2014-06-09 12:52,326933968,68路,"114.036331,22.619066",10,30
114.03596399999999,22.619583,2014-06-09 15:10,296032235,68路,"114.035964,22.619583",10,30
113.945182,22.5338,2014-06-09 16:20,293673167,68路,"113.945182,22.5338",29,4
114.06323200000001,22.528548999999998,2014-06-09 17:36,660647568,68路,"114.063232,22.528549",25,14
114.042716,22.63935,2014-06-09 10:09,330334509,68路,"114.042716,22.63935",2,31
114.0317,22.637332,2014-06-09 10:14,328888469,68路,"114.0317,22.637332",2,31
113.940551,22.545017,2014-06-09 12:19,296306454,68路,"113.940551,22.545017",6,3
114.06223200000001,22.522117,2014-06-09 12:48,328065340,68路,"114.062232,22.522117",25,14
114.03991599999999,22.605966,2014-06-09 13:17,327118320,68路,"114.039916,22.605966",32,26
114.035499,22.621748999999998,2014-06-09 13:23,323683751,68路,"114.035499,22.621749",10,30
114.039451,22.641166000000002,2014-06-09 15:25,291631727,68路,"114.039451,22.641166",2,31
114.03216499999999,22.639717,2014-06-09 15:29,291351499,68路,"114.032165,22.639717",2,31
114.064697,22.537834,2014-06-09 16:18,321782151,68路,"114.064697,22.537834",21,15
113.940498,22.547349,2014-06-09 17:18,323972230,68路,"113.940498,22.547349",6,3
113.94065,22.540567000000003,2014-06-09 17:20,280215717,68路,"113.94065,22.540567",6,3
113.944999,22.537082,2014-06-09 17:23,327029789,68路,"113.944999,22.537082",29,4
114.06326200000001,22.525516,2014-06-09 17:56,700001823,68路,"114.063262,22.525516",25,14
114.06304899999999,22.528566,2014-06-09 17:57,324869352,68路,"114.063049,22.528566",25,14
114.07613300000001,22.544782,2014-06-09 11:21,322340030,68路,"114.076133,22.544782",9,17
114.06241599999998,22.563615,2014-06-09 15:45,325876341,68路,"114.062416,22.563615",31,21
114.029785,22.5282,2014-06-09 16:21,291883661,68路,"114.029785,22.5282",4,10
113.990798,22.52515,2014-06-09 17:25,361562595,68路,"113.990798,22.52515",7,6
114.063247,22.655782000000002,2014-06-09 15:14,325666882,68路,"114.063247,22.655782",1,37
114.057914,22.637382000000002,2014-06-09 15:23,330302128,68路,"114.057914,22.637382",12,33
114.02956299999998,22.528182,2014-06-09 16:38,290382965,68路,"114.029563,22.528182",4,10
114.065551,22.538032,2014-06-09 12:02,281217570,68路,"114.065551,22.538032",21,15
114.04266299999999,22.639383,2014-06-09 14:28,323562033,68路,"114.042663,22.639383",2,31
114.041847,22.639799,2014-06-09 14:29,323402655,68路,"114.041847,22.639799",2,31
114.035598,22.621017000000002,2014-06-09 14:43,290654164,68路,"114.035598,22.621017",10,30
114.038749,22.522899,2014-06-09 14:25,324261601,68路,"114.038749,22.522899",5,11
114.051918,22.518082999999997,2014-06-09 14:28,327126316,68路,"114.051918,22.518083",8,12
114.075767,22.542417,2014-06-09 14:41,281198316,68路,"114.075767,22.542417",9,17
114.03248500000001,22.62985,2014-06-09 15:14,680454472,68路,"114.032485,22.62985",10,30
114.059013,22.638182999999998,2014-06-09 15:36,328649918,68路,"114.059013,22.638183",12,33
114.035499,22.621665,2014-06-09 14:21,360303678,68路,"114.035499,22.621665",10,30
114.062568,22.6543,2014-06-09 14:47,700107126,68路,"114.062568,22.6543",1,37
114.03181399999998,22.63845,2014-06-09 11:47,296262693,68路,"114.031814,22.63845",2,31
114.029747,22.528182,2014-06-09 12:48,329608985,68路,"114.029747,22.528182",4,10
114.03546899999999,22.621883,2014-06-09 14:38,291141051,68路,"114.035469,22.621883",10,30
114.04274699999999,22.639366,2014-06-09 16:31,293214586,68路,"114.042747,22.639366",2,31
114.06118000000001,22.572767000000002,2014-06-09 17:11,329409123,68路,"114.06118,22.572767",38,22
114.062599,22.53585,2014-06-09 17:36,280678018,68路,"114.062599,22.53585",21,15
114.042915,22.520416,2014-06-09 10:27,330644894,68路,"114.042915,22.520416",8,12
114.071701,22.654916,2014-06-09 13:17,291741700,68路,"114.071701,22.654916",28,39
114.04276999999999,22.639298999999998,2014-06-09 13:34,329404348,68路,"114.04277,22.639299",2,31
114.071731,22.543132,2014-06-09 14:22,290035013,68路,"114.071731,22.543132",9,17
114.06356799999999,22.656,2014-06-09 17:26,660545644,68路,"114.063568,22.656",1,37
114.06108799999998,22.647623,2014-06-09 12:22,291134352,68路,"114.061088,22.647623",13,36
114.052749,22.636749,2014-06-09 12:34,680205633,68路,"114.052749,22.636749",12,33
114.03003600000001,22.527433,2014-06-09 14:36,329736689,68路,"114.030036,22.527433",4,10
114.073852,22.542882000000002,2014-06-09 14:55,294182291,68路,"114.073852,22.542882",9,17
114.062202,22.64015,2014-06-09 15:58,292094443,68路,"114.062202,22.64015",11,34
114.062919,22.655233,2014-06-09 17:01,681022163,68路,"114.062919,22.655233",1,37
114.03220300000001,22.639782999999998,2014-06-09 17:22,294335736,68路,"114.032203,22.639783",2,31
114.03273,22.629365,2014-06-09 17:27,364049825,68路,"114.03273,22.629365",10,30
114.034149,22.6256,2014-06-09 17:30,361119414,68路,"114.034149,22.6256",10,30
114.03440800000001,22.624715,2014-06-09 17:30,325102648,68路,"114.034408,22.624715",10,30
113.940513,22.544332,2014-06-09 14:24,325982525,68路,"113.940513,22.544332",6,3
114.051933,22.518066,2014-06-09 14:48,322621642,68路,"114.051933,22.518066",8,12
114.059196,22.519916000000002,2014-06-09 14:50,291803220,68路,"114.059196,22.519916",25,14
114.06641299999998,22.659584,2014-06-09 17:14,360320474,68路,"114.066413,22.659584",1,37
114.06173700000001,22.652551000000003,2014-06-09 17:15,328120442,68路,"114.061737,22.652551",13,36
114.042648,22.639415,2014-06-09 17:30,322340983,68路,"114.042648,22.639415",2,31
114.04256399999998,22.63935,2014-06-09 13:04,325354318,68路,"114.042564,22.63935",2,31
114.06111899999999,22.572816,2014-06-09 13:40,291533856,68路,"114.061119,22.572816",38,22
113.99686399999999,22.52935,2014-06-09 14:20,660646643,68路,"113.996864,22.52935",18,7
114.03823,22.615266000000002,2014-06-09 16:23,293390297,68路,"114.03823,22.615266",10,30
114.032501,22.629764,2014-06-09 16:29,327408766,68路,"114.032501,22.629764",10,30
114.037765,22.615932,2014-06-09 12:25,294100361,68路,"114.037765,22.615932",10,30
114.02375,22.531499,2014-06-09 14:03,325746264,68路,"114.02375,22.531499",26,9
114.03748999999999,22.523647,2014-06-09 14:07,323478674,68路,"114.03749,22.523647",5,11
114.04546299999998,22.598782999999997,2014-06-09 14:46,360111188,68路,"114.045463,22.598783",24,25
114.04079399999999,22.640256,2014-06-09 15:06,293171003,68路,"114.040794,22.640256",2,31
114.058815,22.637983,2014-06-09 15:13,680067114,68路,"114.058815,22.637983",12,33
114.0354,22.5249,2014-06-09 17:58,329674275,68路,"114.0354,22.5249",5,11
114.061279,22.650935999999998,2014-06-09 13:02,296261488,68路,"114.061279,22.650936",13,36
114.07388300000001,22.542865,2014-06-09 16:07,325618505,68路,"114.073883,22.542865",9,17
114.06188200000001,22.640898999999997,2014-06-09 17:12,292929731,68路,"114.061882,22.640899",11,34
114.067619,22.536649,2014-06-09 10:51,326826596,68路,"114.067619,22.536649",0,37
114.03393500000001,22.626699,2014-06-09 11:58,291184263,68路,"114.033935,22.626699",10,30
114.039634,22.641082,2014-06-09 14:06,293738344,68路,"114.039634,22.641082",2,31
114.0326,22.629566,2014-06-09 14:14,361321084,68路,"114.0326,22.629566",10,30
113.940696,22.559616000000002,2014-06-09 16:14,322886688,68路,"113.940696,22.559616",17,2
114.071998,22.540466000000002,2014-06-09 17:00,292047548,68路,"114.071998,22.540466",36,16
114.04231999999999,22.603166,2014-06-09 17:36,291721967,68路,"114.04232,22.603166",0,37
114.034019,22.62655,2014-06-09 17:52,326316777,68路,"114.034019,22.62655",10,30
114.034019,22.62655,2014-06-09 17:53,292962334,68路,"114.034019,22.62655",10,30
114.035835,22.620466,2014-06-09 14:34,661514044,68路,"114.035835,22.620466",10,30
114.06178200000001,22.641033,2014-06-09 14:59,327562402,68路,"114.061782,22.641033",11,34
113.943603,22.5393,2014-06-09 11:21,294804098,68路,"113.943603,22.5393",29,4
114.063217,22.528748999999998,2014-06-09 11:49,251310447,68路,"114.063217,22.528749",25,14
114.05259699999999,22.636766,2014-06-09 14:20,290705820,68路,"114.052597,22.636766",12,33
114.042449,22.639467,2014-06-09 14:23,360638863,68路,"114.042449,22.639467",2,31
114.06448300000001,22.537817,2014-06-09 15:18,328825833,68路,"114.064483,22.537817",21,15
114.063346,22.5254,2014-06-09 17:29,280254153,68路,"114.063346,22.5254",25,14
114.07226499999999,22.542832999999998,2014-06-09 17:40,251277264,68路,"114.072265,22.542833",9,17
114.040481,22.610549,2014-06-09 11:30,291173583,68路,"114.040481,22.610549",19,28
114.07201299999998,22.654832,2014-06-09 13:30,251230688,68路,"114.072013,22.654832",28,39
114.039833,22.640882,2014-06-09 13:49,323450606,68路,"114.039833,22.640882",2,31
114.07146399999999,22.543123,2014-06-09 14:39,296124374,68路,"114.071464,22.543123",9,17
114.05883,22.519783,2014-06-09 16:34,326960632,68路,"114.05883,22.519783",25,14
114.072052,22.654783,2014-06-09 12:21,322015841,68路,"114.072052,22.654783",28,39
114.066497,22.55105,2014-06-09 13:12,361368781,68路,"114.066497,22.55105",20,20
114.02966299999999,22.528164999999998,2014-06-09 13:36,290384039,68路,"114.029663,22.528165",4,10
114.04528,22.51925,2014-06-09 15:03,23612773,68路,"114.04528,22.51925",8,12
114.036483,22.618917,2014-06-09 15:47,291447042,68路,"114.036483,22.618917",10,30
114.03643000000001,22.6186,2014-06-09 18:00,292388928,68路,"114.03643,22.6186",10,30
114.03748300000001,22.641866,2014-06-09 11:09,322903755,68路,"114.037483,22.641866",2,31
114.06300300000001,22.528133,2014-06-09 12:05,321951559,68路,"114.063003,22.528133",25,14
114.038002,22.615533,2014-06-09 13:57,20497734,68路,"114.038002,22.615533",10,30
114.03591899999999,22.620117,2014-06-09 14:00,361368801,68路,"114.035919,22.620117",10,30
114.03481200000002,22.642517,2014-06-09 14:13,20344941,68路,"114.034812,22.642517",2,31
114.061798,22.6389,2014-06-09 15:31,330554054,68路,"114.061798,22.6389",11,34
114.04528,22.519482999999997,2014-06-09 16:48,326620201,68路,"114.04528,22.519483",8,12
113.940666,22.53985,2014-06-09 17:42,290046586,68路,"113.940666,22.53985",6,3
114.03591899999999,22.619684,2014-06-09 14:16,321835528,68路,"114.035919,22.619684",10,30
114.065353,22.551349,2014-06-09 17:04,20229546,68路,"114.065353,22.551349",20,20
113.940498,22.548967,2014-06-09 15:17,330133833,68路,"113.940498,22.548967",6,3
114.040435,22.610466,2014-06-09 16:34,322595064,68路,"114.040435,22.610466",19,28
114.03627,22.6189,2014-06-09 16:38,323831212,68路,"114.03627,22.6189",10,30
114.06306399999998,22.536949,2014-06-09 10:03,330047459,68路,"114.063064,22.536949",21,15
114.058403,22.6378,2014-06-09 12:40,322253359,68路,"114.058403,22.6378",12,33
114.04256399999998,22.639432,2014-06-09 12:46,297423738,68路,"114.042564,22.639432",2,31
114.032867,22.641099,2014-06-09 12:52,324771749,68路,"114.032867,22.641099",2,31
114.032546,22.629533,2014-06-09 12:54,291302242,68路,"114.032546,22.629533",10,30
114.04061100000001,22.609821,2014-06-09 13:02,285092471,68路,"114.040611,22.609821",19,28
113.943649,22.539417,2014-06-09 13:57,292368599,68路,"113.943649,22.539417",29,4
114.05259699999999,22.51815,2014-06-09 15:09,330017567,68路,"114.052597,22.51815",8,12
114.063079,22.537183,2014-06-09 15:18,326524992,68路,"114.063079,22.537183",21,15
114.065933,22.538282000000002,2014-06-09 15:19,293878933,68路,"114.065933,22.538282",21,15
114.045799,22.598699,2014-06-09 15:41,323597493,68路,"114.045799,22.598699",24,25
114.05936399999999,22.638317,2014-06-09 16:10,361458423,68路,"114.059364,22.638317",12,33
114.035339,22.642522,2014-06-09 17:55,291172052,68路,"114.035339,22.642522",2,31
113.94036799999999,22.543382,2014-06-09 14:09,292221659,68路,"113.940368,22.543382",6,3
113.94511399999999,22.5349,2014-06-09 14:12,23604203,68路,"113.945114,22.5349",29,4
114.062576,22.562576,2014-06-09 15:03,330603455,68路,"114.062576,22.562576",31,21
114.053932,22.6361,2014-06-09 16:51,296073461,68路,"114.053932,22.6361",12,33
114.034484,22.624666,2014-06-09 17:04,330626848,68路,"114.034484,22.624666",10,30
114.076049,22.544666,2014-06-09 17:43,328375795,68路,"114.076049,22.544666",9,17
114.03495,22.642583,2014-06-09 12:53,328188615,68路,"114.03495,22.642583",2,31
114.052314,22.5181,2014-06-09 15:19,360147814,68路,"114.052314,22.5181",8,12
114.03733799999999,22.616176,2014-06-09 16:23,327242510,68路,"114.037338,22.616176",10,30
114.034797,22.624599,2014-06-09 11:36,330055290,68路,"114.034797,22.624599",10,30
114.040466,22.610466,2014-06-09 11:42,330341446,68路,"114.040466,22.610466",19,28
114.03903100000001,22.522699,2014-06-09 13:26,328342393,68路,"114.039031,22.522699",5,11
114.040573,22.610801000000002,2014-06-09 14:09,292748453,68路,"114.040573,22.610801",19,28
114.04263300000001,22.639415,2014-06-09 15:51,321697391,68路,"114.042633,22.639415",2,31
114.060096,22.52075,2014-06-09 16:53,322939451,68路,"114.060096,22.52075",25,14
113.94062,22.561982999999998,2014-06-09 17:44,291108390,68路,"113.94062,22.561983",17,2
113.940696,22.540084,2014-06-09 17:58,326304490,68路,"113.940696,22.540084",6,3
114.05178000000001,22.518066,2014-06-09 09:42,296159246,68路,"114.05178,22.518066",8,12
114.036514,22.61885,2014-06-09 10:21,329760741,68路,"114.036514,22.61885",10,30
114.05848600000002,22.637832,2014-06-09 10:43,330031699,68路,"114.058486,22.637832",12,33
114.065299,22.551317,2014-06-09 09:24,325785273,68路,"114.065299,22.551317",20,20
114.03586499999999,22.620332,2014-06-09 09:42,327230885,68路,"114.035865,22.620332",10,30
114.042381,22.639516,2014-06-09 11:27,328076142,68路,"114.042381,22.639516",2,31
114.040481,22.605016,2014-06-09 11:47,328755906,68路,"114.040481,22.605016",32,26
114.036201,22.619167,2014-06-09 14:21,251205445,68路,"114.036201,22.619167",10,30
114.03233300000001,22.639667000000003,2014-06-09 14:32,321883993,68路,"114.032333,22.639667",2,31
114.037651,22.616167,2014-06-09 16:46,322120086,68路,"114.037651,22.616167",10,30
114.04201499999999,22.639682,2014-06-09 12:31,294298999,68路,"114.042015,22.639682",2,31
113.94056699999999,22.549298999999998,2014-06-09 14:33,327196612,68路,"113.940567,22.549299",6,3
114.029899,22.527517,2014-06-09 14:53,291057240,68路,"114.029899,22.527517",4,10
114.036285,22.5244,2014-06-09 14:55,325006805,68路,"114.036285,22.5244",5,11
114.06304899999999,22.536849,2014-06-09 15:11,323541093,68路,"114.063049,22.536849",21,15
114.064949,22.537848999999998,2014-06-09 15:11,327118513,68路,"114.064949,22.537849",21,15
114.04083200000001,22.640399,2014-06-09 17:25,251303674,68路,"114.040832,22.640399",2,31
114.03363,22.6429,2014-06-09 17:30,323268128,68路,"114.03363,22.6429",2,31
114.03841399999999,22.52325,2014-06-09 17:03,285082248,68路,"114.038414,22.52325",5,11
114.063034,22.5251,2014-06-09 09:25,329904018,68路,"114.063034,22.5251",25,14
113.940513,22.545049,2014-06-09 11:07,294570800,68路,"113.940513,22.545049",6,3
114.030464,22.527214999999998,2014-06-09 11:27,328360093,68路,"114.030464,22.527215",4,10
114.063217,22.528467000000003,2014-06-09 11:45,50494598,68路,"114.063217,22.528467",25,14
114.07599599999999,22.544466,2014-06-09 15:08,292843164,68路,"114.075996,22.544466",9,17
114.064903,22.53774,2014-06-09 11:11,291726227,68路,"114.064903,22.53774",21,15
113.94063500000001,22.545116,2014-06-09 16:20,323415463,68路,"113.940635,22.545116",6,3
113.94076499999998,22.540266,2014-06-09 16:22,360800796,68路,"113.940765,22.540266",6,3
113.948333,22.530099,2014-06-09 16:27,326702051,68路,"113.948333,22.530099",3,5
114.041618,22.521182999999997,2014-06-09 16:48,293141121,68路,"114.041618,22.521183",8,12
113.940513,22.545284,2014-06-09 17:23,324827833,68路,"113.940513,22.545284",6,3
114.03100500000001,22.526956,2014-06-09 17:45,323157283,68路,"114.031005,22.526956",4,10
114.036285,22.524349,2014-06-09 17:48,321862847,68路,"114.036285,22.524349",5,11
114.046302,22.518932,2014-06-09 15:15,23433727,68路,"114.046302,22.518932",8,12
114.041831,22.639875,2014-06-09 17:52,322425604,68路,"114.041831,22.639875",2,31
114.06233200000001,22.563516,2014-06-09 09:26,20071729,68路,"114.062332,22.563516",31,21
114.072052,22.654684,2014-06-09 14:20,292730760,68路,"114.072052,22.654684",28,39
114.07346299999999,22.5429,2014-06-09 17:10,328715974,68路,"114.073463,22.5429",9,17
114.04701899999999,22.51865,2014-06-09 12:42,330157953,68路,"114.047019,22.51865",8,12
114.039901,22.640916,2014-06-09 15:01,330378864,68路,"114.039901,22.640916",2,31
114.03591899999999,22.619749,2014-06-09 15:16,326776676,68路,"114.035919,22.619749",10,30
114.04508200000001,22.596849,2014-06-09 15:27,326662000,68路,"114.045082,22.596849",33,24
114.029899,22.5275,2014-06-09 17:35,325328782,68路,"114.029899,22.5275",4,10
114.041999,22.520933,2014-06-09 17:44,290887586,68路,"114.041999,22.520933",8,12
114.032752,22.629167000000002,2014-06-09 09:15,361092068,68路,"114.032752,22.629167",10,30
114.032905,22.628868,2014-06-09 09:15,322395546,68路,"114.032905,22.628868",10,30
114.071868,22.543132,2014-06-09 09:53,361384597,68路,"114.071868,22.543132",9,17
113.940498,22.545166000000002,2014-06-09 11:49,80106392,68路,"113.940498,22.545166",6,3
114.04713400000001,22.518698999999998,2014-06-09 12:14,327334099,68路,"114.047134,22.518699",8,12
114.046485,22.51905,2014-06-09 10:23,20184776,68路,"114.046485,22.51905",8,12
113.94053600000001,22.5408,2014-06-09 12:59,660559392,68路,"113.940536,22.5408",6,3
114.063369,22.537482999999998,2014-06-09 13:32,20475492,68路,"114.063369,22.537483",21,15
114.05158200000001,22.518283,2014-06-09 17:07,290723716,68路,"114.051582,22.518283",8,12
114.07183,22.654916,2014-06-09 09:06,330143870,68路,"114.07183,22.654916",28,39
114.061752,22.639298999999998,2014-06-09 09:18,290594891,68路,"114.061752,22.639299",11,34
114.075202,22.544282,2014-06-09 10:17,364023514,68路,"114.075202,22.544282",9,17
114.029953,22.527998999999998,2014-06-09 10:44,660563517,68路,"114.029953,22.527999",4,10
114.076148,22.546316,2014-06-09 12:50,360449805,68路,"114.076148,22.546316",9,17
114.04004599999999,22.605632,2014-06-09 13:07,326359212,68路,"114.040046,22.605632",32,26
114.06316299999999,22.655567,2014-06-09 10:20,329344768,68路,"114.063163,22.655567",1,37
114.03289699999999,22.641082,2014-06-09 10:39,328066307,68路,"114.032897,22.641082",2,31
114.03206599999999,22.638099,2014-06-09 10:40,23212169,68路,"114.032066,22.638099",2,31
114.03809299999999,22.615995,2014-06-09 10:52,361099368,68路,"114.038093,22.615995",10,30
114.06241599999998,22.563116,2014-06-09 11:10,329685853,68路,"114.062416,22.563116",31,21
113.940444,22.544384,2014-06-09 12:47,327371205,68路,"113.940444,22.544384",6,3
113.99493400000001,22.527465,2014-06-09 12:59,22024417,68路,"113.994934,22.527465",18,7
114.029953,22.527482,2014-06-09 13:04,324399429,68路,"114.029953,22.527482",4,10
114.044349,22.6387,2014-06-09 14:05,297810566,68路,"114.044349,22.6387",2,31
114.052848,22.63655,2014-06-09 15:27,293440843,68路,"114.052848,22.63655",12,33
114.03523200000001,22.642467,2014-06-09 15:35,292078423,68路,"114.035232,22.642467",2,31
114.035499,22.524766,2014-06-09 16:42,280784416,68路,"114.035499,22.524766",5,11
113.94063500000001,22.560684,2014-06-09 17:33,328255494,68路,"113.940635,22.560684",17,2
113.945182,22.534748999999998,2014-06-09 17:48,251323257,68路,"113.945182,22.534749",29,4
113.946701,22.530166,2014-06-09 17:50,326623227,68路,"113.946701,22.530166",3,5
114.037986,22.641666,2014-06-09 09:42,292036445,68路,"114.037986,22.641666",2,31
114.035652,22.6207,2014-06-09 09:53,292102573,68路,"114.035652,22.6207",10,30
114.04008400000001,22.605382000000002,2014-06-09 09:59,328110497,68路,"114.040084,22.605382",32,26
114.072166,22.543132,2014-06-09 10:26,23056714,68路,"114.072166,22.543132",9,17
114.06326200000001,22.655849,2014-06-09 09:59,326952174,68路,"114.063262,22.655849",1,37
114.067497,22.543332999999997,2014-06-09 11:11,330151089,68路,"114.067497,22.543333",0,37
114.072097,22.654666,2014-06-09 14:33,292895008,68路,"114.072097,22.654666",28,39
114.03472099999999,22.625335,2014-06-09 15:06,322514786,68路,"114.034721,22.625335",10,30
113.940467,22.545166000000002,2014-06-09 16:34,280754657,68路,"113.940467,22.545166",6,3
114.023147,22.531616,2014-06-09 16:51,20099343,68路,"114.023147,22.531616",26,9
114.06596299999998,22.659067,2014-06-09 10:55,329863526,68路,"114.065963,22.659067",1,37
114.039833,22.641016,2014-06-09 11:12,660536684,68路,"114.039833,22.641016",2,31
114.03171499999999,22.637449,2014-06-09 11:17,327520569,68路,"114.031715,22.637449",2,31
114.03836799999999,22.614656,2014-06-09 11:27,322587519,68路,"114.038368,22.614656",10,30
113.94515200000001,22.53375,2014-06-09 12:27,293971980,68路,"113.945152,22.53375",29,4
114.03462900000001,22.642599,2014-06-09 14:25,326203204,68路,"114.034629,22.642599",2,31
114.071853,22.654916,2014-06-09 15:43,330708825,68路,"114.071853,22.654916",28,39
114.063148,22.65555,2014-06-09 16:35,322466643,68路,"114.063148,22.65555",1,37
114.040466,22.610317000000002,2014-06-09 17:17,322900144,68路,"114.040466,22.610317",19,28
114.065032,22.537982,2014-06-09 17:50,320942070,68路,"114.065032,22.537982",21,15
114.03926799999999,22.5226,2014-06-09 09:06,325284149,68路,"114.039268,22.5226",5,11
114.033851,22.626832,2014-06-09 10:09,329445008,68路,"114.033851,22.626832",10,30
114.07158600000001,22.65505,2014-06-09 11:41,323979507,68路,"114.071586,22.65505",28,39
114.03935200000001,22.52255,2014-06-09 14:08,325336373,68路,"114.039352,22.52255",5,11
113.945053,22.533634,2014-06-09 09:01,325828226,68路,"113.945053,22.533634",29,4
114.0232,22.5316,2014-06-09 09:20,320790975,68路,"114.0232,22.5316",26,9
114.04051899999999,22.609683,2014-06-09 12:07,326547166,68路,"114.040519,22.609683",19,28
114.076034,22.545217,2014-06-09 17:50,326706916,68路,"114.076034,22.545217",9,17
114.063018,22.537232999999997,2014-06-09 09:57,325787529,68路,"114.063018,22.537233",21,15
114.032569,22.629566,2014-06-09 12:50,20492903,68路,"114.032569,22.629566",10,30
114.029197,22.528366000000002,2014-06-09 13:42,361406688,68路,"114.029197,22.528366",4,10
114.03031899999999,22.52725,2014-06-09 15:19,290885178,68路,"114.030319,22.52725",4,10
114.043327,22.520212,2014-06-09 15:24,328346039,68路,"114.043327,22.520212",8,12
114.044128,22.5198,2014-06-09 15:24,325718780,68路,"114.044128,22.5198",8,12
114.06488,22.537433,2014-06-09 15:38,326260479,68路,"114.06488,22.537433",21,15
114.03988600000001,22.640966,2014-06-09 11:41,322164082,68路,"114.039886,22.640966",2,31
114.064865,22.53795,2014-06-09 12:22,661539392,68路,"114.064865,22.53795",21,15
114.058967,22.519648999999998,2014-06-09 13:53,326439688,68路,"114.058967,22.519649",25,14
114.063682,22.537399,2014-06-09 13:59,320361333,68路,"114.063682,22.537399",21,15
114.075767,22.542333,2014-06-09 14:05,281114242,68路,"114.075767,22.542333",9,17
114.046699,22.518949,2014-06-09 17:40,151102156,68路,"114.046699,22.518949",8,12
114.039947,22.605516,2014-06-09 11:14,361138043,68路,"114.039947,22.605516",32,26
114.03701699999999,22.617465,2014-06-09 11:23,294029389,68路,"114.037017,22.617465",10,30
114.03701699999999,22.617465,2014-06-09 11:23,293040960,68路,"114.037017,22.617465",10,30
113.94075,22.540616,2014-06-09 15:07,323815719,68路,"113.94075,22.540616",6,3
113.94041399999999,22.548408,2014-06-09 15:54,328204212,68路,"113.940414,22.548408",6,3
114.07341699999999,22.542932,2014-06-09 10:23,329882984,68路,"114.073417,22.542932",9,17
114.03393500000001,22.626565,2014-06-09 10:56,328250356,68路,"114.033935,22.626565",10,30
114.062881,22.655099,2014-06-09 12:56,329463281,68路,"114.062881,22.655099",1,37
114.059448,22.638433,2014-06-09 17:02,293842492,68路,"114.059448,22.638433",12,33
114.043251,22.520349,2014-06-09 15:40,321876013,68路,"114.043251,22.520349",8,12
114.04038200000001,22.611166,2014-06-09 16:29,326779760,68路,"114.040382,22.611166",19,28
114.04373899999999,22.520059,2014-06-09 10:47,660544828,68路,"114.043739,22.520059",8,12
114.072135,22.654684,2014-06-09 13:26,251069044,68路,"114.072135,22.654684",28,39
114.06855,22.659349,2014-06-09 13:27,50577083,68路,"114.06855,22.659349",34,38
114.03686499999999,22.617517000000003,2014-06-09 14:34,326312987,68路,"114.036865,22.617517",10,30
113.94041399999999,22.549298999999998,2014-06-09 16:57,329546635,68路,"113.940414,22.549299",6,3
113.940696,22.540016,2014-06-09 17:00,20153688,68路,"113.940696,22.540016",6,3
113.94506799999999,22.537216,2014-06-09 10:53,281032988,68路,"113.945068,22.537216",29,4
114.04703500000001,22.518667,2014-06-09 11:15,322595487,68路,"114.047035,22.518667",8,12
114.06468899999999,22.537666,2014-06-09 11:25,80361573,68路,"114.064689,22.537666",21,15
114.07361599999999,22.542949,2014-06-09 11:29,329529433,68路,"114.073616,22.542949",9,17
114.04551599999999,22.59885,2014-06-09 11:47,293419866,68路,"114.045516,22.59885",24,25
114.032798,22.629483999999998,2014-06-09 12:00,296074084,68路,"114.032798,22.629484",10,30
114.031646,22.637199,2014-06-09 14:15,329686328,68路,"114.031646,22.637199",2,31
114.04661499999999,22.518983,2014-06-09 15:11,293036007,68路,"114.046615,22.518983",8,12
113.94056699999999,22.544649,2014-06-09 16:44,680125833,68路,"113.940567,22.544649",6,3
113.945098,22.533132000000002,2014-06-09 16:49,330835852,68路,"113.945098,22.533132",29,4
113.99531499999999,22.5277,2014-06-09 16:59,293826304,68路,"113.995315,22.5277",18,7
114.06328500000001,22.52535,2014-06-09 17:19,290632122,68路,"114.063285,22.52535",25,14
114.040153,22.605667,2014-06-09 17:48,323330730,68路,"114.040153,22.605667",32,26
114.040466,22.610466,2014-06-09 17:50,293871841,68路,"114.040466,22.610466",19,28
113.940582,22.544632999999997,2014-06-09 09:48,323662653,68路,"113.940582,22.544633",6,3
114.034553,22.625299,2014-06-09 13:28,23485430,68路,"114.034553,22.625299",10,30
114.076416,22.5445,2014-06-09 13:58,321791317,68路,"114.076416,22.5445",9,17
114.063301,22.528566,2014-06-09 14:06,291643433,68路,"114.063301,22.528566",25,14
113.94056699999999,22.559165,2014-06-09 15:25,326479525,68路,"113.940567,22.559165",17,2
114.03818500000001,22.6154,2014-06-09 16:53,322895873,68路,"114.038185,22.6154",10,30
113.94062,22.540466000000002,2014-06-09 09:09,323443939,68路,"113.94062,22.540466",6,3
114.061431,22.651849,2014-06-09 12:08,324707873,68路,"114.061431,22.651849",13,36
114.03521699999999,22.622116000000002,2014-06-09 12:30,320375375,68路,"114.035217,22.622116",10,30
113.94036799999999,22.5489,2014-06-09 14:16,290059960,68路,"113.940368,22.5489",6,3
114.042381,22.639482,2014-06-09 14:29,360638863,68路,"114.042381,22.639482",2,31
114.072181,22.543083,2014-06-09 15:15,291088718,68路,"114.072181,22.543083",9,17
113.94063500000001,22.560333,2014-06-09 16:59,324408771,68路,"113.940635,22.560333",17,2
114.023132,22.531582999999998,2014-06-09 10:16,330706056,68路,"114.023132,22.531583",26,9
114.05951599999999,22.638382999999997,2014-06-09 11:31,291501138,68路,"114.059516,22.638383",12,33
114.03173000000001,22.637845000000002,2014-06-09 13:32,326605530,68路,"114.03173,22.637845",2,31
114.037651,22.616117000000003,2014-06-09 13:46,294181149,68路,"114.037651,22.616117",10,30
114.06296499999999,22.528417,2014-06-09 14:20,320640683,68路,"114.062965,22.528417",25,14
114.02336799999999,22.531566,2014-06-09 15:53,360878596,68路,"114.023368,22.531566",26,9
114.030464,22.527267000000002,2014-06-09 15:55,294429675,68路,"114.030464,22.527267",4,10
114.073532,22.542865,2014-06-09 16:19,328671250,68路,"114.073532,22.542865",9,17
113.94356499999999,22.539432,2014-06-09 10:10,296181041,68路,"113.943565,22.539432",29,4
113.94815,22.530067000000003,2014-06-09 10:14,326431947,68路,"113.94815,22.530067",3,5
114.03943600000001,22.522516,2014-06-09 10:27,360492174,68路,"114.039436,22.522516",5,11
114.032302,22.639583,2014-06-09 13:33,22026036,68路,"114.032302,22.639583",2,31
114.03276799999999,22.629682,2014-06-09 13:39,327424592,68路,"114.032768,22.629682",10,30
114.06233200000001,22.5636,2014-06-09 14:04,361384480,68路,"114.062332,22.5636",31,21
114.05403100000001,22.518291,2014-06-09 16:20,151016056,68路,"114.054031,22.518291",8,12
