"经度","纬度","业务时间","卡片记录编码","线路名称","经纬度","上车站点","实际站点"
114.064338,22.656986,2014-06-09 10:16:00,293452445,"68路","114.064338,22.656986",1,37
114.034683,22.642583,2014-06-09 10:21:00,292190124,"68路","114.034683,22.642583",2,31
114.034683,22.642583,2014-06-09 10:21:00,321553398,"68路","114.034683,22.642583",2,31
113.948257,22.530096,2014-06-09 10:42:00,291146968,"68路","113.948257,22.530096",3,5
113.948257,22.530096,2014-06-09 10:42:00,293122627,"68路","113.948257,22.530096",3,5
114.029754,22.527545,2014-06-09 10:53:00,322278410,"68路","114.029754,22.527545",4,10
114.036056,22.524547,2014-06-09 10:55:00,329735636,"68路","114.036056,22.524547",5,11
114.038627,22.523084,2014-06-09 10:56:00,293001487,"68路","114.038627,22.523084",5,11
113.940483,22.549722,2014-06-09 11:06:00,23384881,"68路","113.940483,22.549722",6,3
113.940483,22.549722,2014-06-09 11:06:00,291153811,"68路","113.940483,22.549722",6,3
113.991752,22.525581,2014-06-09 11:21:00,326926634,"68路","113.991752,22.525581",7,6
114.047065,22.518667,2014-06-09 11:25:00,327543149,"68路","114.047065,22.518667",8,12
114.075126,22.542928,2014-06-09 11:46:00,295766237,"68路","114.075126,22.542928",9,17
114.035072,22.6231,2014-06-09 12:05:00,251385411,"68路","114.035072,22.6231",10,30
114.035072,22.6231,2014-06-09 12:05:00,293641560,"68路","114.035072,22.6231",10,30
114.034065,22.642652,2014-06-09 12:15:00,20705404,"68路","114.034065,22.642652",2,31
114.034065,22.642652,2014-06-09 12:15:00,251377066,"68路","114.034065,22.642652",2,31
114.062446,22.63965,2014-06-09 12:27:00,330244602,"68路","114.062446,22.63965",11,34
114.058547,22.637849,2014-06-09 12:34:00,292151123,"68路","114.058547,22.637849",12,33
114.062644,22.639326,2014-06-09 12:36:00,323160407,"68路","114.062644,22.639326",11,34
114.062644,22.639326,2014-06-09 12:36:00,328018375,"68路","114.062644,22.639326",11,34
114.062644,22.639326,2014-06-09 12:36:00,328153060,"68路","114.062644,22.639326",11,34
114.061203,22.648195,2014-06-09 12:39:00,660062210,"68路","114.061203,22.648195",13,36
114.065429,22.551076,2014-06-09 09:01:00,328706579,"68路","114.065429,22.551076",20,20
114.046569,22.518995,2014-06-09 09:02:00,20674536,"68路","114.046569,22.518995",8,12
114.046569,22.518995,2014-06-09 09:02:00,290458994,"68路","114.046569,22.518995",8,12
114.046569,22.518995,2014-06-09 09:02:00,290703701,"68路","114.046569,22.518995",8,12
114.064216,22.537551,2014-06-09 09:08:00,360963590,"68路","114.064216,22.537551",21,15
114.046318,22.519163,2014-06-09 09:25:00,20184776,"68路","114.046318,22.519163",8,12
114.046318,22.519163,2014-06-09 09:25:00,290809519,"68路","114.046318,22.519163",8,12
114.029228,22.528411,2014-06-09 09:32:00,323624317,"68路","114.029228,22.528411",4,10
114.029228,22.528411,2014-06-09 09:32:00,325696404,"68路","114.029228,22.528411",4,10
114.03469,22.525232,2014-06-09 09:38:00,23226777,"68路","114.03469,22.525232",5,11
114.03469,22.525232,2014-06-09 09:38:00,324698219,"68路","114.03469,22.525232",5,11
114.046813,22.595199,2014-06-09 09:42:00,320770480,"68路","114.046813,22.595199",22,23
114.046813,22.595199,2014-06-09 09:42:00,321652611,"68路","114.046813,22.595199",22,23
114.046813,22.595199,2014-06-09 09:42:00,324734088,"68路","114.046813,22.595199",22,23
114.039848,22.608016,2014-06-09 09:46:00,291141284,"68路","114.039848,22.608016",23,27
114.039848,22.608016,2014-06-09 09:46:00,293800076,"68路","114.039848,22.608016",23,27
114.039848,22.608016,2014-06-09 09:46:00,294434052,"68路","114.039848,22.608016",23,27
114.039848,22.608016,2014-06-09 09:46:00,360390347,"68路","114.039848,22.608016",23,27
113.940605,22.540599,2014-06-09 12:27:00,320115085,"68路","113.940605,22.540599",6,3
114.044654,22.599288,2014-06-09 13:22:00,296126553,"68路","114.044654,22.599288",24,25
114.03997,22.640933,2014-06-09 15:16:00,294859595,"68路","114.03997,22.640933",2,31
114.03997,22.640933,2014-06-09 15:19:00,329691528,"68路","114.03997,22.640933",2,31
114.05265,22.636804,2014-06-09 11:03:00,328354754,"68路","114.05265,22.636804",12,33
114.040222,22.640779,2014-06-09 11:07:00,321385452,"68路","114.040222,22.640779",2,31
114.039413,22.641166,2014-06-09 11:07:00,329563335,"68路","114.039413,22.641166",2,31
114.032066,22.639432,2014-06-09 11:13:00,329336996,"68路","114.032066,22.639432",2,31
114.031753,22.63746,2014-06-09 11:13:00,326108867,"68路","114.031753,22.63746",2,31
114.040733,22.609395,2014-06-09 11:27:00,360684999,"68路","114.040733,22.609395",19,28
114.07125,22.551,2014-06-09 11:47:00,700068632,"68路","114.07125,22.551",15,18
114.046646,22.519039,2014-06-09 12:04:00,293424514,"68路","114.046646,22.519039",8,12
113.94857,22.530099,2014-06-09 13:08:00,292837478,"68路","113.94857,22.530099",3,5
114.074653,22.542932,2014-06-09 13:39:00,327528265,"68路","114.074653,22.542932",9,17
114.04557,22.598833,2014-06-09 13:57:00,325950244,"68路","114.04557,22.598833",24,25
113.940681,22.560583,2014-06-09 17:52:00,296280531,"68路","113.940681,22.560583",17,2
114.032348,22.640167,2014-06-09 10:19:00,327152938,"68路","114.032348,22.640167",2,31
114.034851,22.623466,2014-06-09 10:28:00,322127454,"68路","114.034851,22.623466",10,30
114.058486,22.637849,2014-06-09 14:04:00,330119161,"68路","114.058486,22.637849",12,33
114.066398,22.659517,2014-06-09 15:16:00,361278093,"68路","114.066398,22.659517",1,37
113.940353,22.542299,2014-06-09 17:41:00,23576057,"68路","113.940353,22.542299",6,3
113.940551,22.541133,2014-06-09 17:43:00,323453449,"68路","113.940551,22.541133",6,3
114.071968,22.654766,2014-06-09 09:41:00,292922504,"68路","114.071968,22.654766",28,39
114.039031,22.641307,2014-06-09 10:01:00,327142283,"68路","114.039031,22.641307",2,31
114.061691,22.521764,2014-06-09 11:06:00,321196871,"68路","114.061691,22.521764",25,14
114.04647,22.5191,2014-06-09 11:11:00,324999292,"68路","114.04647,22.5191",8,12
114.039329,22.522741,2014-06-09 11:15:00,327096125,"68路","114.039329,22.522741",5,11
114.052391,22.636951,2014-06-09 10:53:00,322359534,"68路","114.052391,22.636951",12,33
114.032066,22.639345,2014-06-09 11:01:00,330703468,"68路","114.032066,22.639345",2,31
114.032165,22.63385,2014-06-09 11:02:00,326605312,"68路","114.032165,22.63385",10,30
114.071647,22.543216,2014-06-09 11:38:00,329891218,"68路","114.071647,22.543216",9,17
114.039085,22.52275,2014-06-09 13:20:00,323701819,"68路","114.039085,22.52275",5,11
114.062965,22.523408,2014-06-09 13:28:00,20646264,"68路","114.062965,22.523408",25,14
114.03971,22.641084,2014-06-09 15:53:00,329223349,"68路","114.03971,22.641084",2,31
114.032546,22.62955,2014-06-09 16:07:00,323634115,"68路","114.032546,22.62955",10,30
114.061325,22.651731,2014-06-09 09:08:00,660429260,"68路","114.061325,22.651731",13,36
114.031684,22.637847,2014-06-09 09:30:00,360891291,"68路","114.031684,22.637847",2,31
114.031669,22.637332,2014-06-09 09:30:00,327395219,"68路","114.031669,22.637332",2,31
114.051391,22.518331,2014-06-09 10:36:00,294054731,"68路","114.051391,22.518331",8,12
114.045783,22.519332,2014-06-09 10:38:00,361070240,"68路","114.045783,22.519332",8,12
113.940429,22.549165,2014-06-09 12:05:00,322067867,"68路","113.940429,22.549165",6,3
114.039619,22.522392,2014-06-09 12:30:00,327351914,"68路","114.039619,22.522392",5,11
114.035179,22.642452,2014-06-09 13:23:00,322248496,"68路","114.035179,22.642452",2,31
114.037498,22.616266,2014-06-09 15:15:00,700265377,"68路","114.037498,22.616266",10,30
113.940414,22.548749,2014-06-09 17:21:00,20972055,"68路","113.940414,22.548749",6,3
113.940498,22.545099,2014-06-09 17:23:00,321310620,"68路","113.940498,22.545099",6,3
113.940567,22.540966,2014-06-09 17:24:00,329265852,"68路","113.940567,22.540966",6,3
113.945068,22.533649,2014-06-09 17:29:00,281022238,"68路","113.945068,22.533649",29,4
114.032333,22.630899,2014-06-09 09:01:00,328835610,"68路","114.032333,22.630899",10,30
114.033416,22.627666,2014-06-09 09:02:00,294438853,"68路","114.033416,22.627666",10,30
114.035346,22.621532,2014-06-09 09:05:00,326705981,"68路","114.035346,22.621532",10,30
113.9944,22.52712,2014-06-09 11:48:00,324341065,"68路","113.9944,22.52712",18,7
114.063117,22.655666,2014-06-09 13:12:00,295016404,"68路","114.063117,22.655666",1,37
114.03955,22.640949,2014-06-09 14:52:00,294335789,"68路","114.03955,22.640949",2,31
114.064819,22.537916,2014-06-09 15:41:00,298865092,"68路","114.064819,22.537916",21,15
114.031852,22.6389,2014-06-09 15:13:00,662240237,"68路","114.031852,22.6389",2,31
114.03495,22.623065,2014-06-09 15:19:00,296184397,"68路","114.03495,22.623065",10,30
114.071548,22.655033,2014-06-09 10:23:00,330364774,"68路","114.071548,22.655033",28,39
114.060966,22.638751,2014-06-09 10:33:00,281027741,"68路","114.060966,22.638751",11,34
114.042053,22.639728,2014-06-09 10:40:00,296387037,"68路","114.042053,22.639728",2,31
114.035041,22.642528,2014-06-09 10:42:00,292758793,"68路","114.035041,22.642528",2,31
114.031997,22.639204,2014-06-09 10:45:00,294206770,"68路","114.031997,22.639204",2,31
114.037513,22.616399,2014-06-09 10:56:00,322950159,"68路","114.037513,22.616399",10,30
114.075668,22.543291,2014-06-09 11:28:00,80382156,"68路","114.075668,22.543291",9,17
114.063056,22.527256,2014-06-09 11:37:00,360886600,"68路","114.063056,22.527256",25,14
114.034927,22.525108,2014-06-09 11:50:00,292715850,"68路","114.034927,22.525108",5,11
114.039581,22.522396,2014-06-09 13:07:00,293850682,"68路","114.039581,22.522396",5,11
114.062568,22.5631,2014-06-09 13:34:00,287057282,"68路","114.062568,22.5631",31,21
113.940567,22.544799,2014-06-09 17:48:00,290425592,"68路","113.940567,22.544799",6,3
113.94062,22.540849,2014-06-09 17:50:00,360242730,"68路","113.94062,22.540849",6,3
114.063133,22.537216,2014-06-09 10:38:00,293550516,"68路","114.063133,22.537216",21,15
114.061866,22.638896,2014-06-09 09:00:00,293933722,"68路","114.061866,22.638896",11,34
114.057098,22.636966,2014-06-09 09:03:00,329611825,"68路","114.057098,22.636966",12,33
114.035057,22.622566,2014-06-09 09:26:00,23375379,"68路","114.035057,22.622566",10,30
114.024246,22.531419,2014-06-09 12:16:00,294251925,"68路","114.024246,22.531419",26,9
114.051918,22.517955,2014-06-09 12:28:00,294340920,"68路","114.051918,22.517955",8,12
114.062797,22.655134,2014-06-09 14:29:00,330174009,"68路","114.062797,22.655134",1,37
114.042602,22.639432,2014-06-09 14:43:00,280136984,"68路","114.042602,22.639432",2,31
114.036331,22.524366,2014-06-09 17:38:00,20606937,"68路","114.036331,22.524366",5,11
114.044952,22.519599,2014-06-09 09:21:00,323296530,"68路","114.044952,22.519599",8,12
113.940605,22.541666,2014-06-09 10:30:00,361374341,"68路","113.940605,22.541666",6,3
114.062568,22.654808,2014-06-09 14:09:00,326105643,"68路","114.062568,22.654808",1,37
113.940452,22.548767,2014-06-09 16:26:00,320768704,"68路","113.940452,22.548767",6,3
113.940551,22.54095,2014-06-09 16:28:00,323383336,"68路","113.940551,22.54095",6,3
114.063201,22.528417,2014-06-09 17:04:00,328032417,"68路","114.063201,22.528417",25,14
114.062965,22.537166,2014-06-09 10:41:00,326344126,"68路","114.062965,22.537166",21,15
114.039268,22.641252,2014-06-09 13:19:00,329536584,"68路","114.039268,22.641252",2,31
114.035667,22.620891,2014-06-09 13:34:00,328892128,"68路","114.035667,22.620891",10,30
114.040321,22.605056,2014-06-09 13:42:00,329718733,"68路","114.040321,22.605056",32,26
114.045425,22.596542,2014-06-09 13:45:00,20680990,"68路","114.045425,22.596542",33,24
114.062866,22.528667,2014-06-09 14:11:00,321857675,"68路","114.062866,22.528667",25,14
114.063034,22.537067,2014-06-09 16:36:00,23152808,"68路","114.063034,22.537067",21,15
114.075798,22.542417,2014-06-09 16:40:00,293087189,"68路","114.075798,22.542417",9,17
114.062088,22.640775,2014-06-09 17:55:00,251294297,"68路","114.062088,22.640775",11,34
114.062927,22.525543,2014-06-09 14:19:00,20446245,"68路","114.062927,22.525543",25,14
113.944999,22.537633,2014-06-09 09:03:00,329664965,"68路","113.944999,22.537633",29,4
114.076049,22.544649,2014-06-09 14:59:00,322596445,"68路","114.076049,22.544649",9,17
113.941047,22.539363,2014-06-09 09:50:00,285070694,"68路","113.941047,22.539363",6,3
114.066528,22.659683,2014-06-09 13:38:00,50640963,"68路","114.066528,22.659683",1,37
114.065605,22.658601,2014-06-09 13:38:00,327414943,"68路","114.065605,22.658601",1,37
113.94075,22.540433,2014-06-09 15:09:00,20520301,"68路","113.94075,22.540433",6,3
114.042984,22.5205,2014-06-09 17:00:00,50511136,"68路","114.042984,22.5205",8,12
114.03823,22.615383,2014-06-09 17:38:00,360103036,"68路","114.03823,22.615383",10,30
114.043601,22.520343,2014-06-09 09:48:00,325069792,"68路","114.043601,22.520343",8,12
114.062942,22.524595,2014-06-09 13:57:00,151053857,"68路","114.062942,22.524595",25,14
113.940383,22.549133,2014-06-09 15:36:00,294585052,"68路","113.940383,22.549133",6,3
114.063201,22.537433,2014-06-09 16:20:00,323866824,"68路","114.063201,22.537433",21,15
114.041534,22.639923,2014-06-09 11:17:00,327233315,"68路","114.041534,22.639923",2,31
114.062889,22.527275,2014-06-09 12:04:00,251329050,"68路","114.062889,22.527275",25,14
114.041366,22.64005,2014-06-09 14:40:00,360942013,"68路","114.041366,22.64005",2,31
114.040603,22.609966,2014-06-09 16:40:00,321931200,"68路","114.040603,22.609966",19,28
114.04988,22.637783,2014-06-09 11:43:00,361338773,"68路","114.04988,22.637783",35,32
114.031684,22.636932,2014-06-09 11:53:00,328724907,"68路","114.031684,22.636932",2,31
113.947914,22.530099,2014-06-09 14:04:00,660539149,"68路","113.947914,22.530099",3,5
114.06253,22.563467,2014-06-09 14:52:00,293918716,"68路","114.06253,22.563467",31,21
114.076217,22.544567,2014-06-09 17:37:00,328689735,"68路","114.076217,22.544567",9,17
114.0317,22.637233,2014-06-09 14:21:00,290189851,"68路","114.0317,22.637233",2,31
114.072013,22.540433,2014-06-09 17:34:00,251277264,"68路","114.072013,22.540433",36,16
114.069633,22.551116,2014-06-09 17:52:00,330637683,"68路","114.069633,22.551116",37,19
113.940444,22.548536,2014-06-09 15:21:00,329226392,"68路","113.940444,22.548536",6,3
114.062576,22.563283,2014-06-09 16:13:00,361216540,"68路","114.062576,22.563283",31,21
114.052314,22.636955,2014-06-09 13:09:00,293395711,"68路","114.052314,22.636955",12,33
114.034782,22.525102,2014-06-09 14:13:00,293172406,"68路","114.034782,22.525102",5,11
114.045516,22.598783,2014-06-09 16:57:00,23098193,"68路","114.045516,22.598783",24,25
114.036598,22.618682,2014-06-09 17:04:00,325977656,"68路","114.036598,22.618682",10,30
114.071411,22.543167,2014-06-09 13:17:00,360066870,"68路","114.071411,22.543167",9,17
114.073486,22.5429,2014-06-09 15:28:00,330709302,"68路","114.073486,22.5429",9,17
114.052284,22.636983,2014-06-09 17:41:00,361557311,"68路","114.052284,22.636983",12,33
114.042266,22.639616,2014-06-09 17:45:00,327285416,"68路","114.042266,22.639616",2,31
114.038803,22.522867,2014-06-09 09:37:00,294358707,"68路","114.038803,22.522867",5,11
114.034988,22.623424,2014-06-09 10:14:00,280857339,"68路","114.034988,22.623424",10,30
114.031745,22.636751,2014-06-09 12:08:00,20620267,"68路","114.031745,22.636751",2,31
113.94075,22.540233,2014-06-09 13:18:00,329574734,"68路","113.94075,22.540233",6,3
113.944648,22.539283,2014-06-09 14:14:00,292499134,"68路","113.944648,22.539283",29,4
114.03347,22.627567,2014-06-09 15:23:00,361217898,"68路","114.03347,22.627567",10,30
114.042968,22.639139,2014-06-09 10:14:00,330700173,"68路","114.042968,22.639139",2,31
114.035018,22.642612,2014-06-09 11:38:00,327090862,"68路","114.035018,22.642612",2,31
114.071662,22.551036,2014-06-09 12:09:00,23606623,"68路","114.071662,22.551036",15,18
114.023834,22.531482,2014-06-09 13:48:00,293840335,"68路","114.023834,22.531482",26,9
114.048095,22.518508,2014-06-09 13:54:00,323413745,"68路","114.048095,22.518508",8,12
114.035079,22.524999,2014-06-09 17:42:00,20084360,"68路","114.035079,22.524999",5,11
114.062683,22.539316,2014-06-09 09:00:00,323411594,"68路","114.062683,22.539316",0,37
113.944969,22.538784,2014-06-09 09:42:00,326516734,"68路","113.944969,22.538784",29,4
114.033004,22.629146,2014-06-09 10:39:00,80326617,"68路","114.033004,22.629146",10,30
114.030464,22.527215,2014-06-09 15:25:00,329326535,"68路","114.030464,22.527215",4,10
114.045234,22.598882,2014-06-09 16:06:00,321158553,"68路","114.045234,22.598882",24,25
114.040534,22.610633,2014-06-09 16:12:00,361079305,"68路","114.040534,22.610633",19,28
114.036399,22.618883,2014-06-09 16:15:00,292476391,"68路","114.036399,22.618883",10,30
114.03582,22.620532,2014-06-09 16:16:00,327381771,"68路","114.03582,22.620532",10,30
114.038383,22.523387,2014-06-09 12:24:00,320578934,"68路","114.038383,22.523387",5,11
114.036216,22.524496,2014-06-09 13:48:00,660535423,"68路","114.036216,22.524496",5,11
114.039268,22.522691,2014-06-09 13:51:00,326294672,"68路","114.039268,22.522691",5,11
114.0382,22.6154,2014-06-09 14:31:00,327242510,"68路","114.0382,22.6154",10,30
114.035469,22.621799,2014-06-09 14:34:00,329577142,"68路","114.035469,22.621799",10,30
114.052421,22.636915,2014-06-09 16:15:00,321439113,"68路","114.052421,22.636915",12,33
114.062675,22.654796,2014-06-09 16:39:00,324736776,"68路","114.062675,22.654796",1,37
114.032333,22.629283,2014-06-09 17:11:00,320585303,"68路","114.032333,22.629283",10,30
114.062683,22.523134,2014-06-09 09:01:00,360105844,"68路","114.062683,22.523134",25,14
114.036567,22.524316,2014-06-09 09:11:00,20705996,"68路","114.036567,22.524316",5,11
114.032249,22.526683,2014-06-09 09:14:00,329855482,"68路","114.032249,22.526683",0,37
114.029609,22.528135,2014-06-09 09:16:00,330826570,"68路","114.029609,22.528135",4,10
113.944885,22.539234,2014-06-09 10:43:00,20597616,"68路","113.944885,22.539234",29,4
114.076202,22.546333,2014-06-09 11:20:00,293381751,"68路","114.076202,22.546333",9,17
114.061264,22.649084,2014-06-09 12:17:00,251132744,"68路","114.061264,22.649084",13,36
114.05986,22.520462,2014-06-09 14:35:00,326692929,"68路","114.05986,22.520462",25,14
114.045417,22.598917,2014-06-09 17:19:00,361111839,"68路","114.045417,22.598917",24,25
114.054214,22.636034,2014-06-09 17:49:00,320555240,"68路","114.054214,22.636034",12,33
113.945198,22.532922,2014-06-09 09:00:00,360806801,"68路","113.945198,22.532922",29,4
114.035797,22.620349,2014-06-09 10:08:00,325628227,"68路","114.035797,22.620349",10,30
114.058517,22.637933,2014-06-09 10:25:00,280620668,"68路","114.058517,22.637933",12,33
114.031745,22.637405,2014-06-09 12:16:00,361268005,"68路","114.031745,22.637405",2,31
114.032943,22.629035,2014-06-09 12:22:00,361223317,"68路","114.032943,22.629035",10,30
114.04985,22.63775,2014-06-09 17:10:00,180056520,"68路","114.04985,22.63775",35,32
114.066032,22.551099,2014-06-09 17:54:00,320272573,"68路","114.066032,22.551099",20,20
114.034629,22.624584,2014-06-09 11:01:00,322581438,"68路","114.034629,22.624584",10,30
114.035865,22.620183,2014-06-09 11:55:00,361036913,"68路","114.035865,22.620183",10,30
114.071952,22.654783,2014-06-09 13:20:00,251336600,"68路","114.071952,22.654783",28,39
114.06285,22.655321,2014-06-09 13:25:00,291092199,"68路","114.06285,22.655321",1,37
114.035285,22.642541,2014-06-09 13:40:00,330700784,"68路","114.035285,22.642541",2,31
114.031631,22.637065,2014-06-09 13:44:00,293166527,"68路","114.031631,22.637065",2,31
114.029533,22.528232,2014-06-09 14:49:00,327239926,"68路","114.029533,22.528232",4,10
114.043899,22.520111,2014-06-09 10:30:00,328380558,"68路","114.043899,22.520111",8,12
114.007965,22.529766,2014-06-09 10:31:00,680493510,"68路","114.007965,22.529766",0,37
114.075195,22.542816,2014-06-09 12:26:00,20323305,"68路","114.075195,22.542816",9,17
114.04203,22.521165,2014-06-09 15:28:00,280351258,"68路","114.04203,22.521165",8,12
113.940498,22.54405,2014-06-09 09:37:00,296270559,"68路","113.940498,22.54405",6,3
113.940513,22.541049,2014-06-09 09:38:00,287113096,"68路","113.940513,22.541049",6,3
114.063262,22.536817,2014-06-09 10:18:00,280732820,"68路","114.063262,22.536817",21,15
114.033386,22.628133,2014-06-09 10:57:00,291698610,"68路","114.033386,22.628133",10,30
114.037719,22.641834,2014-06-09 12:56:00,23219315,"68路","114.037719,22.641834",2,31
114.023635,22.531499,2014-06-09 15:36:00,290485215,"68路","114.023635,22.531499",26,9
114.065086,22.5379,2014-06-09 15:57:00,322605999,"68路","114.065086,22.5379",21,15
114.062797,22.537082,2014-06-09 09:50:00,325912477,"68路","114.062797,22.537082",21,15
113.940574,22.541564,2014-06-09 14:27:00,322980338,"68路","113.940574,22.541564",6,3
114.043617,22.520082,2014-06-09 14:53:00,660200613,"68路","114.043617,22.520082",8,12
114.055114,22.518566,2014-06-09 14:55:00,285084581,"68路","114.055114,22.518566",27,13
114.035858,22.620006,2014-06-09 17:46:00,328298524,"68路","114.035858,22.620006",10,30
114.032028,22.637767,2014-06-09 10:40:00,325938512,"68路","114.032028,22.637767",2,31
114.039817,22.641059,2014-06-09 12:38:00,328641267,"68路","114.039817,22.641059",2,31
114.036819,22.523965,2014-06-09 15:20:00,291471246,"68路","114.036819,22.523965",5,11
114.057785,22.637382,2014-06-09 09:30:00,361320106,"68路","114.057785,22.637382",12,33
114.039581,22.641067,2014-06-09 09:37:00,291145344,"68路","114.039581,22.641067",2,31
114.034896,22.642583,2014-06-09 09:39:00,291232859,"68路","114.034896,22.642583",2,31
114.029884,22.528049,2014-06-09 10:53:00,328884296,"68路","114.029884,22.528049",4,10
113.947967,22.530117,2014-06-09 12:30:00,321069557,"68路","113.947967,22.530117",3,5
113.99105,22.525115,2014-06-09 12:35:00,280176962,"68路","113.99105,22.525115",7,6
114.06314,22.52876,2014-06-09 12:52:00,290455306,"68路","114.06314,22.52876",25,14
113.940635,22.544799,2014-06-09 17:21:00,292593959,"68路","113.940635,22.544799",6,3
113.945068,22.533016,2014-06-09 17:26:00,326799767,"68路","113.945068,22.533016",29,4
114.040534,22.610416,2014-06-09 13:01:00,322728475,"68路","114.040534,22.610416",19,28
114.074684,22.543266,2014-06-09 15:48:00,292404060,"68路","114.074684,22.543266",9,17
114.073417,22.5429,2014-06-09 17:43:00,292388165,"68路","114.073417,22.5429",9,17
114.04528,22.596712,2014-06-09 16:00:00,20697011,"68路","114.04528,22.596712",33,24
114.061546,22.652183,2014-06-09 10:43:00,327404723,"68路","114.061546,22.652183",13,36
114.063079,22.537,2014-06-09 13:24:00,20680911,"68路","114.063079,22.537",21,15
114.0456,22.598733,2014-06-09 13:46:00,20568212,"68路","114.0456,22.598733",24,25
114.032218,22.63945,2014-06-09 10:14:00,296370235,"68路","114.032218,22.63945",2,31
114.036231,22.619499,2014-06-09 10:25:00,322327976,"68路","114.036231,22.619499",10,30
114.036834,22.618049,2014-06-09 10:25:00,327118311,"68路","114.036834,22.618049",10,30
114.044883,22.597017,2014-06-09 16:07:00,322513525,"68路","114.044883,22.597017",33,24
113.940818,22.5575,2014-06-09 17:28:00,295577780,"68路","113.940818,22.5575",17,2
113.991577,22.525468,2014-06-09 17:50:00,324601107,"68路","113.991577,22.525468",7,6
114.042434,22.639383,2014-06-09 16:00:00,292205041,"68路","114.042434,22.639383",2,31
114.039451,22.641117,2014-06-09 09:10:00,329579135,"68路","114.039451,22.641117",2,31
114.032218,22.6399,2014-06-09 09:12:00,21059649,"68路","114.032218,22.6399",2,31
113.94046,22.548252,2014-06-09 12:31:00,291663427,"68路","113.94046,22.548252",6,3
114.061248,22.648332,2014-06-09 14:04:00,23412784,"68路","114.061248,22.648332",13,36
114.068969,22.658117,2014-06-09 15:30:00,360687324,"68路","114.068969,22.658117",0,37
113.940635,22.560266,2014-06-09 17:43:00,700255556,"68路","113.940635,22.560266",17,2
113.940567,22.5442,2014-06-09 17:54:00,290624269,"68路","113.940567,22.5442",6,3
114.062782,22.536933,2014-06-09 12:20:00,23441735,"68路","114.062782,22.536933",21,15
114.07225,22.6546,2014-06-09 14:30:00,292567746,"68路","114.07225,22.6546",28,39
114.058364,22.63775,2014-06-09 14:42:00,293699623,"68路","114.058364,22.63775",12,33
114.03598,22.619583,2014-06-09 15:05:00,327118672,"68路","114.03598,22.619583",10,30
114.062347,22.522233,2014-06-09 17:05:00,329864519,"68路","114.062347,22.522233",25,14
114.063163,22.528717,2014-06-09 17:07:00,325803487,"68路","114.063163,22.528717",25,14
114.036064,22.619382,2014-06-09 09:10:00,327255146,"68路","114.036064,22.619382",10,30
114.042533,22.6394,2014-06-09 13:05:00,700171301,"68路","114.042533,22.6394",2,31
114.063133,22.537384,2014-06-09 15:48:00,326915537,"68路","114.063133,22.537384",21,15
114.029769,22.528116,2014-06-09 09:10:00,327482425,"68路","114.029769,22.528116",4,10
114.036499,22.618865,2014-06-09 11:45:00,323461880,"68路","114.036499,22.618865",10,30
114.057952,22.637582,2014-06-09 13:43:00,322768183,"68路","114.057952,22.637582",12,33
114.039451,22.641149,2014-06-09 13:51:00,294348042,"68路","114.039451,22.641149",2,31
114.035697,22.642467,2014-06-09 13:53:00,328843874,"68路","114.035697,22.642467",2,31
114.074279,22.543117,2014-06-09 14:38:00,321828661,"68路","114.074279,22.543117",9,17
113.945114,22.533666,2014-06-09 15:12:00,330161206,"68路","113.945114,22.533666",29,4
114.033866,22.626916,2014-06-09 17:19:00,292032900,"68路","114.033866,22.626916",10,30
114.037513,22.616333,2014-06-09 12:52:00,294302977,"68路","114.037513,22.616333",10,30
114.02983,22.528133,2014-06-09 13:40:00,329559556,"68路","114.02983,22.528133",4,10
114.059417,22.52005,2014-06-09 15:01:00,293919802,"68路","114.059417,22.52005",25,14
114.073547,22.542865,2014-06-09 15:12:00,80261703,"68路","114.073547,22.542865",9,17
114.029983,22.52745,2014-06-09 09:46:00,293827874,"68路","114.029983,22.52745",4,10
113.947433,22.530349,2014-06-09 10:23:00,330277681,"68路","113.947433,22.530349",3,5
114.045433,22.596532,2014-06-09 14:02:00,296106347,"68路","114.045433,22.596532",33,24
114.043029,22.52045,2014-06-09 16:04:00,291297625,"68路","114.043029,22.52045",8,12
113.940536,22.54075,2014-06-09 09:15:00,326872575,"68路","113.940536,22.54075",6,3
113.947914,22.530082,2014-06-09 09:22:00,291127673,"68路","113.947914,22.530082",3,5
114.039352,22.522516,2014-06-09 09:38:00,20959852,"68路","114.039352,22.522516",5,11
114.051666,22.518016,2014-06-09 09:44:00,291634696,"68路","114.051666,22.518016",8,12
114.071632,22.543167,2014-06-09 13:08:00,296048647,"68路","114.071632,22.543167",9,17
114.029716,22.528165,2014-06-09 09:54:00,292475705,"68路","114.029716,22.528165",4,10
114.035202,22.621833,2014-06-09 11:59:00,251181844,"68路","114.035202,22.621833",10,30
114.061279,22.649175,2014-06-09 12:26:00,251217148,"68路","114.061279,22.649175",13,36
114.06118,22.643333,2014-06-09 14:00:00,296149813,"68路","114.06118,22.643333",39,35
114.049514,22.6378,2014-06-09 14:09:00,322451622,"68路","114.049514,22.6378",35,32
114.038085,22.641666,2014-06-09 14:12:00,326655609,"68路","114.038085,22.641666",2,31
114.040496,22.610349,2014-06-09 14:27:00,325794166,"68路","114.040496,22.610349",19,28
114.045486,22.5988,2014-06-09 17:27:00,30070327,"68路","114.045486,22.5988",24,25
113.99665,22.529266,2014-06-09 09:17:00,20622703,"68路","113.99665,22.529266",18,7
113.944999,22.537599,2014-06-09 10:47:00,291595436,"68路","113.944999,22.537599",29,4
114.064956,22.551376,2014-06-09 11:29:00,322693182,"68路","114.064956,22.551376",20,20
114.03173,22.637804,2014-06-09 14:09:00,321801173,"68路","114.03173,22.637804",2,31
114.036117,22.61935,2014-06-09 14:19:00,293105816,"68路","114.036117,22.61935",10,30
114.042343,22.520984,2014-06-09 15:07:00,360158406,"68路","114.042343,22.520984",8,12
113.940551,22.543167,2014-06-09 16:05:00,660604258,"68路","113.940551,22.543167",6,3
114.039451,22.522516,2014-06-09 16:26:00,327493338,"68路","114.039451,22.522516",5,11
114.040214,22.605667,2014-06-09 17:15:00,325696557,"68路","114.040214,22.605667",32,26
114.036819,22.524015,2014-06-09 09:29:00,291699098,"68路","114.036819,22.524015",5,11
113.996101,22.528984,2014-06-09 09:14:00,280111802,"68路","113.996101,22.528984",18,7
113.947982,22.530082,2014-06-09 10:29:00,323424289,"68路","113.947982,22.530082",3,5
114.073753,22.542917,2014-06-09 11:00:00,180103684,"68路","114.073753,22.542917",9,17
114.033653,22.627199,2014-06-09 12:29:00,323341940,"68路","114.033653,22.627199",10,30
114.036285,22.524333,2014-06-09 14:18:00,151004248,"68路","114.036285,22.524333",5,11
114.047233,22.5186,2014-06-09 14:24:00,20041468,"68路","114.047233,22.5186",8,12
114.03173,22.637233,2014-06-09 11:30:00,320925148,"68路","114.03173,22.637233",2,31
114.038131,22.615449,2014-06-09 14:26:00,327399994,"68路","114.038131,22.615449",10,30
114.036514,22.618816,2014-06-09 14:29:00,361368537,"68路","114.036514,22.618816",10,30
114.033782,22.626899,2014-06-09 14:34:00,294639164,"68路","114.033782,22.626899",10,30
114.038719,22.641515,2014-06-09 16:13:00,322247703,"68路","114.038719,22.641515",2,31
114.040031,22.6054,2014-06-09 16:38:00,20135841,"68路","114.040031,22.6054",32,26
114.066047,22.551082,2014-06-09 16:51:00,23598738,"68路","114.066047,22.551082",20,20
114.06285,22.538049,2014-06-09 09:00:00,20414243,"68路","114.06285,22.538049",21,15
114.042968,22.520349,2014-06-09 10:03:00,320241158,"68路","114.042968,22.520349",8,12
114.069732,22.551116,2014-06-09 10:27:00,360935991,"68路","114.069732,22.551116",37,19
114.045349,22.598917,2014-06-09 10:38:00,360913331,"68路","114.045349,22.598917",24,25
114.066436,22.659599,2014-06-09 12:46:00,328789290,"68路","114.066436,22.659599",1,37
114.032081,22.639783,2014-06-09 13:06:00,291436540,"68路","114.032081,22.639783",2,31
114.0457,22.596317,2014-06-09 13:29:00,292371629,"68路","114.0457,22.596317",33,24
114.046951,22.518716,2014-06-09 15:33:00,322522203,"68路","114.046951,22.518716",8,12
114.051818,22.518083,2014-06-09 15:35:00,360726871,"68路","114.051818,22.518083",8,12
114.063163,22.537384,2014-06-09 15:44:00,280394529,"68路","114.063163,22.537384",21,15
114.062141,22.64038,2014-06-09 17:03:00,293714868,"68路","114.062141,22.64038",11,34
114.032081,22.631483,2014-06-09 12:49:00,325045040,"68路","114.032081,22.631483",10,30
113.94075,22.540199,2014-06-09 13:59:00,660041677,"68路","113.94075,22.540199",6,3
114.047164,22.518615,2014-06-09 15:12:00,321696581,"68路","114.047164,22.518615",8,12
114.063049,22.535034,2014-06-09 15:25:00,328707093,"68路","114.063049,22.535034",21,15
114.0382,22.61565,2014-06-09 16:00:00,293411737,"68路","114.0382,22.61565",10,30
114.036262,22.619384,2014-06-09 16:02:00,293861455,"68路","114.036262,22.619384",10,30
114.076232,22.54615,2014-06-09 11:51:00,322834149,"68路","114.076232,22.54615",9,17
114.040481,22.610183,2014-06-09 14:46:00,298856882,"68路","114.040481,22.610183",19,28
114.038963,22.522817,2014-06-09 11:44:00,293076057,"68路","114.038963,22.522817",5,11
114.037536,22.616184,2014-06-09 14:51:00,680883678,"68路","114.037536,22.616184",10,30
114.061248,22.5725,2014-06-09 15:06:00,292387405,"68路","114.061248,22.5725",38,22
114.02983,22.528133,2014-06-09 15:50:00,322262208,"68路","114.02983,22.528133",4,10
114.032119,22.631834,2014-06-09 13:19:00,327490630,"68路","114.032119,22.631834",10,30
114.044998,22.5969,2014-06-09 13:33:00,296055340,"68路","114.044998,22.5969",33,24
114.035018,22.525016,2014-06-09 14:10:00,294178895,"68路","114.035018,22.525016",5,11
114.042915,22.520416,2014-06-09 15:41:00,290761138,"68路","114.042915,22.520416",8,12
114.051719,22.518083,2014-06-09 15:45:00,324129236,"68路","114.051719,22.518083",8,12
114.035148,22.62195,2014-06-09 09:32:00,328359468,"68路","114.035148,22.62195",10,30
114.061714,22.641265,2014-06-09 10:33:00,280140283,"68路","114.061714,22.641265",11,34
114.061065,22.647983,2014-06-09 12:11:00,251018851,"68路","114.061065,22.647983",13,36
114.03469,22.642763,2014-06-09 12:22:00,328727725,"68路","114.03469,22.642763",2,31
114.0624,22.562822,2014-06-09 17:47:00,326496100,"68路","114.0624,22.562822",31,21
114.039268,22.52275,2014-06-09 10:24:00,680987354,"68路","114.039268,22.52275",5,11
114.032165,22.631849,2014-06-09 13:41:00,292446330,"68路","114.032165,22.631849",10,30
114.040786,22.61025,2014-06-09 13:51:00,328405614,"68路","114.040786,22.61025",19,28
113.94046,22.556705,2014-06-09 15:18:00,323147122,"68路","113.94046,22.556705",17,2
114.063079,22.536966,2014-06-09 16:03:00,20657930,"68路","114.063079,22.536966",21,15
114.073516,22.542949,2014-06-09 16:08:00,323454878,"68路","114.073516,22.542949",9,17
114.040367,22.6102,2014-06-09 13:55:00,329539513,"68路","114.040367,22.6102",19,28
114.074836,22.5433,2014-06-09 14:18:00,360620262,"68路","114.074836,22.5433",9,17
114.064613,22.537883,2014-06-09 14:22:00,23428954,"68路","114.064613,22.537883",21,15
114.062736,22.536516,2014-06-09 14:23:00,327412004,"68路","114.062736,22.536516",21,15
114.038986,22.522882,2014-06-09 14:36:00,322899506,"68路","114.038986,22.522882",5,11
113.940399,22.54895,2014-06-09 15:29:00,320586919,"68路","113.940399,22.54895",6,3
114.063102,22.536983,2014-06-09 16:08:00,291602424,"68路","114.063102,22.536983",21,15
114.040946,22.521533,2014-06-09 12:37:00,292352081,"68路","114.040946,22.521533",8,12
114.064964,22.53775,2014-06-09 12:47:00,326307206,"68路","114.064964,22.53775",21,15
114.075996,22.551,2014-06-09 12:50:00,280426261,"68路","114.075996,22.551",0,37
114.023368,22.531517,2014-06-09 09:08:00,660642732,"68路","114.023368,22.531517",26,9
114.071769,22.65505,2014-06-09 11:56:00,251019818,"68路","114.071769,22.65505",28,39
114.061035,22.648117,2014-06-09 12:05:00,251023262,"68路","114.061035,22.648117",13,36
114.040115,22.640882,2014-06-09 12:16:00,321295644,"68路","114.040115,22.640882",2,31
113.940353,22.549266,2014-06-09 14:02:00,290779787,"68路","113.940353,22.549266",6,3
114.045486,22.598749,2014-06-09 15:11:00,328638332,"68路","114.045486,22.598749",24,25
114.062049,22.640483,2014-06-09 15:52:00,293788561,"68路","114.062049,22.640483",11,34
114.071784,22.654983,2014-06-09 16:43:00,361235677,"68路","114.071784,22.654983",28,39
114.061248,22.572517,2014-06-09 17:42:00,251392321,"68路","114.061248,22.572517",38,22
114.047218,22.518615,2014-06-09 13:59:00,291442570,"68路","114.047218,22.518615",8,12
114.064796,22.5379,2014-06-09 17:10:00,326469279,"68路","114.064796,22.5379",21,15
114.046386,22.519065,2014-06-09 17:23:00,291302803,"68路","114.046386,22.519065",8,12
114.037818,22.615755,2014-06-09 12:29:00,327414466,"68路","114.037818,22.615755",10,30
113.996765,22.529466,2014-06-09 13:17:00,361189467,"68路","113.996765,22.529466",18,7
114.043647,22.520015,2014-06-09 14:12:00,80323819,"68路","114.043647,22.520015",8,12
114.059181,22.5198,2014-06-09 14:16:00,328788649,"68路","114.059181,22.5198",25,14
114.06475,22.537715,2014-06-09 14:25:00,329660743,"68路","114.06475,22.537715",21,15
114.069686,22.551134,2014-06-09 14:36:00,330333517,"68路","114.069686,22.551134",37,19
114.061302,22.643749,2014-06-09 15:29:00,322942105,"68路","114.061302,22.643749",39,35
114.072151,22.654817,2014-06-09 16:16:00,290641612,"68路","114.072151,22.654817",28,39
114.032249,22.639932,2014-06-09 16:43:00,660494989,"68路","114.032249,22.639932",2,31
114.076019,22.544767,2014-06-09 17:34:00,329641043,"68路","114.076019,22.544767",9,17
114.071899,22.5431,2014-06-09 17:36:00,180019211,"68路","114.071899,22.5431",9,17
114.045783,22.519315,2014-06-09 17:54:00,292320648,"68路","114.045783,22.519315",8,12
114.043365,22.52045,2014-06-09 10:05:00,291369478,"68路","114.043365,22.52045",8,12
113.940467,22.5491,2014-06-09 11:37:00,296189081,"68路","113.940467,22.5491",6,3
114.062614,22.537166,2014-06-09 12:14:00,326344126,"68路","114.062614,22.537166",21,15
114.032516,22.629566,2014-06-09 14:52:00,293896864,"68路","114.032516,22.629566",10,30
114.035964,22.6196,2014-06-09 14:56:00,329344549,"68路","114.035964,22.6196",10,30
114.076019,22.544782,2014-06-09 15:29:00,30018953,"68路","114.076019,22.544782",9,17
113.94355,22.539249,2014-06-09 16:48:00,20447087,"68路","113.94355,22.539249",29,4
114.03585,22.620317,2014-06-09 17:49:00,325173296,"68路","114.03585,22.620317",10,30
114.033218,22.628551,2014-06-09 17:56:00,329225235,"68路","114.033218,22.628551",10,30
114.061096,22.6499,2014-06-09 14:58:00,327126973,"68路","114.061096,22.6499",13,36
113.94065,22.560632,2014-06-09 11:42:00,298872676,"68路","113.94065,22.560632",17,2
113.948532,22.530099,2014-06-09 11:55:00,20381718,"68路","113.948532,22.530099",3,5
114.036331,22.619066,2014-06-09 12:52:00,326933968,"68路","114.036331,22.619066",10,30
114.035964,22.619583,2014-06-09 15:10:00,296032235,"68路","114.035964,22.619583",10,30
113.945182,22.5338,2014-06-09 16:20:00,293673167,"68路","113.945182,22.5338",29,4
114.063232,22.528549,2014-06-09 17:36:00,660647568,"68路","114.063232,22.528549",25,14
114.042716,22.63935,2014-06-09 10:09:00,330334509,"68路","114.042716,22.63935",2,31
114.0317,22.637332,2014-06-09 10:14:00,328888469,"68路","114.0317,22.637332",2,31
113.940551,22.545017,2014-06-09 12:19:00,296306454,"68路","113.940551,22.545017",6,3
114.062232,22.522117,2014-06-09 12:48:00,328065340,"68路","114.062232,22.522117",25,14
114.039916,22.605966,2014-06-09 13:17:00,327118320,"68路","114.039916,22.605966",32,26
114.035499,22.621749,2014-06-09 13:23:00,323683751,"68路","114.035499,22.621749",10,30
114.039451,22.641166,2014-06-09 15:25:00,291631727,"68路","114.039451,22.641166",2,31
114.032165,22.639717,2014-06-09 15:29:00,291351499,"68路","114.032165,22.639717",2,31
114.064697,22.537834,2014-06-09 16:18:00,321782151,"68路","114.064697,22.537834",21,15
113.940498,22.547349,2014-06-09 17:18:00,323972230,"68路","113.940498,22.547349",6,3
113.94065,22.540567,2014-06-09 17:20:00,280215717,"68路","113.94065,22.540567",6,3
113.944999,22.537082,2014-06-09 17:23:00,327029789,"68路","113.944999,22.537082",29,4
114.063262,22.525516,2014-06-09 17:56:00,700001823,"68路","114.063262,22.525516",25,14
114.063049,22.528566,2014-06-09 17:57:00,324869352,"68路","114.063049,22.528566",25,14
114.076133,22.544782,2014-06-09 11:21:00,322340030,"68路","114.076133,22.544782",9,17
114.062416,22.563615,2014-06-09 15:45:00,325876341,"68路","114.062416,22.563615",31,21
114.029785,22.5282,2014-06-09 16:21:00,291883661,"68路","114.029785,22.5282",4,10
113.990798,22.52515,2014-06-09 17:25:00,361562595,"68路","113.990798,22.52515",7,6
114.063247,22.655782,2014-06-09 15:14:00,325666882,"68路","114.063247,22.655782",1,37
114.057914,22.637382,2014-06-09 15:23:00,330302128,"68路","114.057914,22.637382",12,33
114.029563,22.528182,2014-06-09 16:38:00,290382965,"68路","114.029563,22.528182",4,10
114.065551,22.538032,2014-06-09 12:02:00,281217570,"68路","114.065551,22.538032",21,15
114.042663,22.639383,2014-06-09 14:28:00,323562033,"68路","114.042663,22.639383",2,31
114.041847,22.639799,2014-06-09 14:29:00,323402655,"68路","114.041847,22.639799",2,31
114.035598,22.621017,2014-06-09 14:43:00,290654164,"68路","114.035598,22.621017",10,30
114.038749,22.522899,2014-06-09 14:25:00,324261601,"68路","114.038749,22.522899",5,11
114.051918,22.518083,2014-06-09 14:28:00,327126316,"68路","114.051918,22.518083",8,12
114.075767,22.542417,2014-06-09 14:41:00,281198316,"68路","114.075767,22.542417",9,17
114.032485,22.62985,2014-06-09 15:14:00,680454472,"68路","114.032485,22.62985",10,30
114.059013,22.638183,2014-06-09 15:36:00,328649918,"68路","114.059013,22.638183",12,33
114.035499,22.621665,2014-06-09 14:21:00,360303678,"68路","114.035499,22.621665",10,30
114.062568,22.6543,2014-06-09 14:47:00,700107126,"68路","114.062568,22.6543",1,37
114.031814,22.63845,2014-06-09 11:47:00,296262693,"68路","114.031814,22.63845",2,31
114.029747,22.528182,2014-06-09 12:48:00,329608985,"68路","114.029747,22.528182",4,10
114.035469,22.621883,2014-06-09 14:38:00,291141051,"68路","114.035469,22.621883",10,30
114.042747,22.639366,2014-06-09 16:31:00,293214586,"68路","114.042747,22.639366",2,31
114.06118,22.572767,2014-06-09 17:11:00,329409123,"68路","114.06118,22.572767",38,22
114.062599,22.53585,2014-06-09 17:36:00,280678018,"68路","114.062599,22.53585",21,15
114.042915,22.520416,2014-06-09 10:27:00,330644894,"68路","114.042915,22.520416",8,12
114.071701,22.654916,2014-06-09 13:17:00,291741700,"68路","114.071701,22.654916",28,39
114.04277,22.639299,2014-06-09 13:34:00,329404348,"68路","114.04277,22.639299",2,31
114.071731,22.543132,2014-06-09 14:22:00,290035013,"68路","114.071731,22.543132",9,17
114.063568,22.656,2014-06-09 17:26:00,660545644,"68路","114.063568,22.656",1,37
114.061088,22.647623,2014-06-09 12:22:00,291134352,"68路","114.061088,22.647623",13,36
114.052749,22.636749,2014-06-09 12:34:00,680205633,"68路","114.052749,22.636749",12,33
114.030036,22.527433,2014-06-09 14:36:00,329736689,"68路","114.030036,22.527433",4,10
114.073852,22.542882,2014-06-09 14:55:00,294182291,"68路","114.073852,22.542882",9,17
114.062202,22.64015,2014-06-09 15:58:00,292094443,"68路","114.062202,22.64015",11,34
114.062919,22.655233,2014-06-09 17:01:00,681022163,"68路","114.062919,22.655233",1,37
114.032203,22.639783,2014-06-09 17:22:00,294335736,"68路","114.032203,22.639783",2,31
114.03273,22.629365,2014-06-09 17:27:00,364049825,"68路","114.03273,22.629365",10,30
114.034149,22.6256,2014-06-09 17:30:00,361119414,"68路","114.034149,22.6256",10,30
114.034408,22.624715,2014-06-09 17:30:00,325102648,"68路","114.034408,22.624715",10,30
113.940513,22.544332,2014-06-09 14:24:00,325982525,"68路","113.940513,22.544332",6,3
114.051933,22.518066,2014-06-09 14:48:00,322621642,"68路","114.051933,22.518066",8,12
114.059196,22.519916,2014-06-09 14:50:00,291803220,"68路","114.059196,22.519916",25,14
114.066413,22.659584,2014-06-09 17:14:00,360320474,"68路","114.066413,22.659584",1,37
114.061737,22.652551,2014-06-09 17:15:00,328120442,"68路","114.061737,22.652551",13,36
114.042648,22.639415,2014-06-09 17:30:00,322340983,"68路","114.042648,22.639415",2,31
114.042564,22.63935,2014-06-09 13:04:00,325354318,"68路","114.042564,22.63935",2,31
114.061119,22.572816,2014-06-09 13:40:00,291533856,"68路","114.061119,22.572816",38,22
113.996864,22.52935,2014-06-09 14:20:00,660646643,"68路","113.996864,22.52935",18,7
114.03823,22.615266,2014-06-09 16:23:00,293390297,"68路","114.03823,22.615266",10,30
114.032501,22.629764,2014-06-09 16:29:00,327408766,"68路","114.032501,22.629764",10,30
114.037765,22.615932,2014-06-09 12:25:00,294100361,"68路","114.037765,22.615932",10,30
114.02375,22.531499,2014-06-09 14:03:00,325746264,"68路","114.02375,22.531499",26,9
114.03749,22.523647,2014-06-09 14:07:00,323478674,"68路","114.03749,22.523647",5,11
114.045463,22.598783,2014-06-09 14:46:00,360111188,"68路","114.045463,22.598783",24,25
114.040794,22.640256,2014-06-09 15:06:00,293171003,"68路","114.040794,22.640256",2,31
114.058815,22.637983,2014-06-09 15:13:00,680067114,"68路","114.058815,22.637983",12,33
114.0354,22.5249,2014-06-09 17:58:00,329674275,"68路","114.0354,22.5249",5,11
114.061279,22.650936,2014-06-09 13:02:00,296261488,"68路","114.061279,22.650936",13,36
114.073883,22.542865,2014-06-09 16:07:00,325618505,"68路","114.073883,22.542865",9,17
114.061882,22.640899,2014-06-09 17:12:00,292929731,"68路","114.061882,22.640899",11,34
114.067619,22.536649,2014-06-09 10:51:00,326826596,"68路","114.067619,22.536649",0,37
114.033935,22.626699,2014-06-09 11:58:00,291184263,"68路","114.033935,22.626699",10,30
114.039634,22.641082,2014-06-09 14:06:00,293738344,"68路","114.039634,22.641082",2,31
114.0326,22.629566,2014-06-09 14:14:00,361321084,"68路","114.0326,22.629566",10,30
113.940696,22.559616,2014-06-09 16:14:00,322886688,"68路","113.940696,22.559616",17,2
114.071998,22.540466,2014-06-09 17:00:00,292047548,"68路","114.071998,22.540466",36,16
114.04232,22.603166,2014-06-09 17:36:00,291721967,"68路","114.04232,22.603166",0,37
114.034019,22.62655,2014-06-09 17:52:00,326316777,"68路","114.034019,22.62655",10,30
114.034019,22.62655,2014-06-09 17:53:00,292962334,"68路","114.034019,22.62655",10,30
114.035835,22.620466,2014-06-09 14:34:00,661514044,"68路","114.035835,22.620466",10,30
114.061782,22.641033,2014-06-09 14:59:00,327562402,"68路","114.061782,22.641033",11,34
113.943603,22.5393,2014-06-09 11:21:00,294804098,"68路","113.943603,22.5393",29,4
114.063217,22.528749,2014-06-09 11:49:00,251310447,"68路","114.063217,22.528749",25,14
114.052597,22.636766,2014-06-09 14:20:00,290705820,"68路","114.052597,22.636766",12,33
114.042449,22.639467,2014-06-09 14:23:00,360638863,"68路","114.042449,22.639467",2,31
114.064483,22.537817,2014-06-09 15:18:00,328825833,"68路","114.064483,22.537817",21,15
114.063346,22.5254,2014-06-09 17:29:00,280254153,"68路","114.063346,22.5254",25,14
114.072265,22.542833,2014-06-09 17:40:00,251277264,"68路","114.072265,22.542833",9,17
114.040481,22.610549,2014-06-09 11:30:00,291173583,"68路","114.040481,22.610549",19,28
114.072013,22.654832,2014-06-09 13:30:00,251230688,"68路","114.072013,22.654832",28,39
114.039833,22.640882,2014-06-09 13:49:00,323450606,"68路","114.039833,22.640882",2,31
114.071464,22.543123,2014-06-09 14:39:00,296124374,"68路","114.071464,22.543123",9,17
114.05883,22.519783,2014-06-09 16:34:00,326960632,"68路","114.05883,22.519783",25,14
114.072052,22.654783,2014-06-09 12:21:00,322015841,"68路","114.072052,22.654783",28,39
114.066497,22.55105,2014-06-09 13:12:00,361368781,"68路","114.066497,22.55105",20,20
114.029663,22.528165,2014-06-09 13:36:00,290384039,"68路","114.029663,22.528165",4,10
114.04528,22.51925,2014-06-09 15:03:00,23612773,"68路","114.04528,22.51925",8,12
114.036483,22.618917,2014-06-09 15:47:00,291447042,"68路","114.036483,22.618917",10,30
114.037483,22.641866,2014-06-09 11:09:00,322903755,"68路","114.037483,22.641866",2,31
114.063003,22.528133,2014-06-09 12:05:00,321951559,"68路","114.063003,22.528133",25,14
114.038002,22.615533,2014-06-09 13:57:00,20497734,"68路","114.038002,22.615533",10,30
114.035919,22.620117,2014-06-09 14:00:00,361368801,"68路","114.035919,22.620117",10,30
114.034812,22.642517,2014-06-09 14:13:00,20344941,"68路","114.034812,22.642517",2,31
114.061798,22.6389,2014-06-09 15:31:00,330554054,"68路","114.061798,22.6389",11,34
114.04528,22.519483,2014-06-09 16:48:00,326620201,"68路","114.04528,22.519483",8,12
113.940666,22.53985,2014-06-09 17:42:00,290046586,"68路","113.940666,22.53985",6,3
114.035919,22.619684,2014-06-09 14:16:00,321835528,"68路","114.035919,22.619684",10,30
114.065353,22.551349,2014-06-09 17:04:00,20229546,"68路","114.065353,22.551349",20,20
113.940498,22.548967,2014-06-09 15:17:00,330133833,"68路","113.940498,22.548967",6,3
114.040435,22.610466,2014-06-09 16:34:00,322595064,"68路","114.040435,22.610466",19,28
114.03627,22.6189,2014-06-09 16:38:00,323831212,"68路","114.03627,22.6189",10,30
114.063064,22.536949,2014-06-09 10:03:00,330047459,"68路","114.063064,22.536949",21,15
114.058403,22.6378,2014-06-09 12:40:00,322253359,"68路","114.058403,22.6378",12,33
114.042564,22.639432,2014-06-09 12:46:00,297423738,"68路","114.042564,22.639432",2,31
114.032867,22.641099,2014-06-09 12:52:00,324771749,"68路","114.032867,22.641099",2,31
114.032546,22.629533,2014-06-09 12:54:00,291302242,"68路","114.032546,22.629533",10,30
114.040611,22.609821,2014-06-09 13:02:00,285092471,"68路","114.040611,22.609821",19,28
113.943649,22.539417,2014-06-09 13:57:00,292368599,"68路","113.943649,22.539417",29,4
114.052597,22.51815,2014-06-09 15:09:00,330017567,"68路","114.052597,22.51815",8,12
114.063079,22.537183,2014-06-09 15:18:00,326524992,"68路","114.063079,22.537183",21,15
114.065933,22.538282,2014-06-09 15:19:00,293878933,"68路","114.065933,22.538282",21,15
114.045799,22.598699,2014-06-09 15:41:00,323597493,"68路","114.045799,22.598699",24,25
114.059364,22.638317,2014-06-09 16:10:00,361458423,"68路","114.059364,22.638317",12,33
114.035339,22.642522,2014-06-09 17:55:00,291172052,"68路","114.035339,22.642522",2,31
113.940368,22.543382,2014-06-09 14:09:00,292221659,"68路","113.940368,22.543382",6,3
113.945114,22.5349,2014-06-09 14:12:00,23604203,"68路","113.945114,22.5349",29,4
114.062576,22.562576,2014-06-09 15:03:00,330603455,"68路","114.062576,22.562576",31,21
114.053932,22.6361,2014-06-09 16:51:00,296073461,"68路","114.053932,22.6361",12,33
114.034484,22.624666,2014-06-09 17:04:00,330626848,"68路","114.034484,22.624666",10,30
114.076049,22.544666,2014-06-09 17:43:00,328375795,"68路","114.076049,22.544666",9,17
114.03495,22.642583,2014-06-09 12:53:00,328188615,"68路","114.03495,22.642583",2,31
114.052314,22.5181,2014-06-09 15:19:00,360147814,"68路","114.052314,22.5181",8,12
114.037338,22.616176,2014-06-09 16:23:00,327242510,"68路","114.037338,22.616176",10,30
114.034797,22.624599,2014-06-09 11:36:00,330055290,"68路","114.034797,22.624599",10,30
114.040466,22.610466,2014-06-09 11:42:00,330341446,"68路","114.040466,22.610466",19,28
114.039031,22.522699,2014-06-09 13:26:00,328342393,"68路","114.039031,22.522699",5,11
114.040573,22.610801,2014-06-09 14:09:00,292748453,"68路","114.040573,22.610801",19,28
114.042633,22.639415,2014-06-09 15:51:00,321697391,"68路","114.042633,22.639415",2,31
114.060096,22.52075,2014-06-09 16:53:00,322939451,"68路","114.060096,22.52075",25,14
113.94062,22.561983,2014-06-09 17:44:00,291108390,"68路","113.94062,22.561983",17,2
113.940696,22.540084,2014-06-09 17:58:00,326304490,"68路","113.940696,22.540084",6,3
114.05178,22.518066,2014-06-09 09:42:00,296159246,"68路","114.05178,22.518066",8,12
114.036514,22.61885,2014-06-09 10:21:00,329760741,"68路","114.036514,22.61885",10,30
114.058486,22.637832,2014-06-09 10:43:00,330031699,"68路","114.058486,22.637832",12,33
114.065299,22.551317,2014-06-09 09:24:00,325785273,"68路","114.065299,22.551317",20,20
114.035865,22.620332,2014-06-09 09:42:00,327230885,"68路","114.035865,22.620332",10,30
114.042381,22.639516,2014-06-09 11:27:00,328076142,"68路","114.042381,22.639516",2,31
114.040481,22.605016,2014-06-09 11:47:00,328755906,"68路","114.040481,22.605016",32,26
114.036201,22.619167,2014-06-09 14:21:00,251205445,"68路","114.036201,22.619167",10,30
114.032333,22.639667,2014-06-09 14:32:00,321883993,"68路","114.032333,22.639667",2,31
114.037651,22.616167,2014-06-09 16:46:00,322120086,"68路","114.037651,22.616167",10,30
114.042015,22.639682,2014-06-09 12:31:00,294298999,"68路","114.042015,22.639682",2,31
113.940567,22.549299,2014-06-09 14:33:00,327196612,"68路","113.940567,22.549299",6,3
114.029899,22.527517,2014-06-09 14:53:00,291057240,"68路","114.029899,22.527517",4,10
114.036285,22.5244,2014-06-09 14:55:00,325006805,"68路","114.036285,22.5244",5,11
114.063049,22.536849,2014-06-09 15:11:00,323541093,"68路","114.063049,22.536849",21,15
114.064949,22.537849,2014-06-09 15:11:00,327118513,"68路","114.064949,22.537849",21,15
114.040832,22.640399,2014-06-09 17:25:00,251303674,"68路","114.040832,22.640399",2,31
114.03363,22.6429,2014-06-09 17:30:00,323268128,"68路","114.03363,22.6429",2,31
114.038414,22.52325,2014-06-09 17:03:00,285082248,"68路","114.038414,22.52325",5,11
114.063034,22.5251,2014-06-09 09:25:00,329904018,"68路","114.063034,22.5251",25,14
113.940513,22.545049,2014-06-09 11:07:00,294570800,"68路","113.940513,22.545049",6,3
114.030464,22.527215,2014-06-09 11:27:00,328360093,"68路","114.030464,22.527215",4,10
114.063217,22.528467,2014-06-09 11:45:00,50494598,"68路","114.063217,22.528467",25,14
114.075996,22.544466,2014-06-09 15:08:00,292843164,"68路","114.075996,22.544466",9,17
114.064903,22.53774,2014-06-09 11:11:00,291726227,"68路","114.064903,22.53774",21,15
113.940635,22.545116,2014-06-09 16:20:00,323415463,"68路","113.940635,22.545116",6,3
113.940765,22.540266,2014-06-09 16:22:00,360800796,"68路","113.940765,22.540266",6,3
113.948333,22.530099,2014-06-09 16:27:00,326702051,"68路","113.948333,22.530099",3,5
114.041618,22.521183,2014-06-09 16:48:00,293141121,"68路","114.041618,22.521183",8,12
113.940513,22.545284,2014-06-09 17:23:00,324827833,"68路","113.940513,22.545284",6,3
114.031005,22.526956,2014-06-09 17:45:00,323157283,"68路","114.031005,22.526956",4,10
114.036285,22.524349,2014-06-09 17:48:00,321862847,"68路","114.036285,22.524349",5,11
114.046302,22.518932,2014-06-09 15:15:00,23433727,"68路","114.046302,22.518932",8,12
114.041831,22.639875,2014-06-09 17:52:00,322425604,"68路","114.041831,22.639875",2,31
114.062332,22.563516,2014-06-09 09:26:00,20071729,"68路","114.062332,22.563516",31,21
114.072052,22.654684,2014-06-09 14:20:00,292730760,"68路","114.072052,22.654684",28,39
114.073463,22.5429,2014-06-09 17:10:00,328715974,"68路","114.073463,22.5429",9,17
114.047019,22.51865,2014-06-09 12:42:00,330157953,"68路","114.047019,22.51865",8,12
114.039901,22.640916,2014-06-09 15:01:00,330378864,"68路","114.039901,22.640916",2,31
114.035919,22.619749,2014-06-09 15:16:00,326776676,"68路","114.035919,22.619749",10,30
114.045082,22.596849,2014-06-09 15:27:00,326662000,"68路","114.045082,22.596849",33,24
114.029899,22.5275,2014-06-09 17:35:00,325328782,"68路","114.029899,22.5275",4,10
114.041999,22.520933,2014-06-09 17:44:00,290887586,"68路","114.041999,22.520933",8,12
114.032752,22.629167,2014-06-09 09:15:00,361092068,"68路","114.032752,22.629167",10,30
114.032905,22.628868,2014-06-09 09:15:00,322395546,"68路","114.032905,22.628868",10,30
114.071868,22.543132,2014-06-09 09:53:00,361384597,"68路","114.071868,22.543132",9,17
113.940498,22.545166,2014-06-09 11:49:00,80106392,"68路","113.940498,22.545166",6,3
114.047134,22.518699,2014-06-09 12:14:00,327334099,"68路","114.047134,22.518699",8,12
114.046485,22.51905,2014-06-09 10:23:00,20184776,"68路","114.046485,22.51905",8,12
113.940536,22.5408,2014-06-09 12:59:00,660559392,"68路","113.940536,22.5408",6,3
114.063369,22.537483,2014-06-09 13:32:00,20475492,"68路","114.063369,22.537483",21,15
114.051582,22.518283,2014-06-09 17:07:00,290723716,"68路","114.051582,22.518283",8,12
114.07183,22.654916,2014-06-09 09:06:00,330143870,"68路","114.07183,22.654916",28,39
114.061752,22.639299,2014-06-09 09:18:00,290594891,"68路","114.061752,22.639299",11,34
114.075202,22.544282,2014-06-09 10:17:00,364023514,"68路","114.075202,22.544282",9,17
114.029953,22.527999,2014-06-09 10:44:00,660563517,"68路","114.029953,22.527999",4,10
114.076148,22.546316,2014-06-09 12:50:00,360449805,"68路","114.076148,22.546316",9,17
114.040046,22.605632,2014-06-09 13:07:00,326359212,"68路","114.040046,22.605632",32,26
114.063163,22.655567,2014-06-09 10:20:00,329344768,"68路","114.063163,22.655567",1,37
114.032897,22.641082,2014-06-09 10:39:00,328066307,"68路","114.032897,22.641082",2,31
114.032066,22.638099,2014-06-09 10:40:00,23212169,"68路","114.032066,22.638099",2,31
114.038093,22.615995,2014-06-09 10:52:00,361099368,"68路","114.038093,22.615995",10,30
114.062416,22.563116,2014-06-09 11:10:00,329685853,"68路","114.062416,22.563116",31,21
113.940444,22.544384,2014-06-09 12:47:00,327371205,"68路","113.940444,22.544384",6,3
113.994934,22.527465,2014-06-09 12:59:00,22024417,"68路","113.994934,22.527465",18,7
114.029953,22.527482,2014-06-09 13:04:00,324399429,"68路","114.029953,22.527482",4,10
114.044349,22.6387,2014-06-09 14:05:00,297810566,"68路","114.044349,22.6387",2,31
114.052848,22.63655,2014-06-09 15:27:00,293440843,"68路","114.052848,22.63655",12,33
114.035232,22.642467,2014-06-09 15:35:00,292078423,"68路","114.035232,22.642467",2,31
114.035499,22.524766,2014-06-09 16:42:00,280784416,"68路","114.035499,22.524766",5,11
113.940635,22.560684,2014-06-09 17:33:00,328255494,"68路","113.940635,22.560684",17,2
113.945182,22.534749,2014-06-09 17:48:00,251323257,"68路","113.945182,22.534749",29,4
113.946701,22.530166,2014-06-09 17:50:00,326623227,"68路","113.946701,22.530166",3,5
114.037986,22.641666,2014-06-09 09:42:00,292036445,"68路","114.037986,22.641666",2,31
114.035652,22.6207,2014-06-09 09:53:00,292102573,"68路","114.035652,22.6207",10,30
114.040084,22.605382,2014-06-09 09:59:00,328110497,"68路","114.040084,22.605382",32,26
114.072166,22.543132,2014-06-09 10:26:00,23056714,"68路","114.072166,22.543132",9,17
114.063262,22.655849,2014-06-09 09:59:00,326952174,"68路","114.063262,22.655849",1,37
114.067497,22.543333,2014-06-09 11:11:00,330151089,"68路","114.067497,22.543333",0,37
114.072097,22.654666,2014-06-09 14:33:00,292895008,"68路","114.072097,22.654666",28,39
114.034721,22.625335,2014-06-09 15:06:00,322514786,"68路","114.034721,22.625335",10,30
113.940467,22.545166,2014-06-09 16:34:00,280754657,"68路","113.940467,22.545166",6,3
114.023147,22.531616,2014-06-09 16:51:00,20099343,"68路","114.023147,22.531616",26,9
114.065963,22.659067,2014-06-09 10:55:00,329863526,"68路","114.065963,22.659067",1,37
114.039833,22.641016,2014-06-09 11:12:00,660536684,"68路","114.039833,22.641016",2,31
114.031715,22.637449,2014-06-09 11:17:00,327520569,"68路","114.031715,22.637449",2,31
114.038368,22.614656,2014-06-09 11:27:00,322587519,"68路","114.038368,22.614656",10,30
113.945152,22.53375,2014-06-09 12:27:00,293971980,"68路","113.945152,22.53375",29,4
114.034629,22.642599,2014-06-09 14:25:00,326203204,"68路","114.034629,22.642599",2,31
114.071853,22.654916,2014-06-09 15:43:00,330708825,"68路","114.071853,22.654916",28,39
114.063148,22.65555,2014-06-09 16:35:00,322466643,"68路","114.063148,22.65555",1,37
114.040466,22.610317,2014-06-09 17:17:00,322900144,"68路","114.040466,22.610317",19,28
114.065032,22.537982,2014-06-09 17:50:00,320942070,"68路","114.065032,22.537982",21,15
114.039268,22.5226,2014-06-09 09:06:00,325284149,"68路","114.039268,22.5226",5,11
114.033851,22.626832,2014-06-09 10:09:00,329445008,"68路","114.033851,22.626832",10,30
114.071586,22.65505,2014-06-09 11:41:00,323979507,"68路","114.071586,22.65505",28,39
114.039352,22.52255,2014-06-09 14:08:00,325336373,"68路","114.039352,22.52255",5,11
113.945053,22.533634,2014-06-09 09:01:00,325828226,"68路","113.945053,22.533634",29,4
114.0232,22.5316,2014-06-09 09:20:00,320790975,"68路","114.0232,22.5316",26,9
114.040519,22.609683,2014-06-09 12:07:00,326547166,"68路","114.040519,22.609683",19,28
114.076034,22.545217,2014-06-09 17:50:00,326706916,"68路","114.076034,22.545217",9,17
114.063018,22.537233,2014-06-09 09:57:00,325787529,"68路","114.063018,22.537233",21,15
114.032569,22.629566,2014-06-09 12:50:00,20492903,"68路","114.032569,22.629566",10,30
114.029197,22.528366,2014-06-09 13:42:00,361406688,"68路","114.029197,22.528366",4,10
114.030319,22.52725,2014-06-09 15:19:00,290885178,"68路","114.030319,22.52725",4,10
114.043327,22.520212,2014-06-09 15:24:00,328346039,"68路","114.043327,22.520212",8,12
114.044128,22.5198,2014-06-09 15:24:00,325718780,"68路","114.044128,22.5198",8,12
114.06488,22.537433,2014-06-09 15:38:00,326260479,"68路","114.06488,22.537433",21,15
114.039886,22.640966,2014-06-09 11:41:00,322164082,"68路","114.039886,22.640966",2,31
114.064865,22.53795,2014-06-09 12:22:00,661539392,"68路","114.064865,22.53795",21,15
114.058967,22.519649,2014-06-09 13:53:00,326439688,"68路","114.058967,22.519649",25,14
114.063682,22.537399,2014-06-09 13:59:00,320361333,"68路","114.063682,22.537399",21,15
114.075767,22.542333,2014-06-09 14:05:00,281114242,"68路","114.075767,22.542333",9,17
114.046699,22.518949,2014-06-09 17:40:00,151102156,"68路","114.046699,22.518949",8,12
114.039947,22.605516,2014-06-09 11:14:00,361138043,"68路","114.039947,22.605516",32,26
114.037017,22.617465,2014-06-09 11:23:00,294029389,"68路","114.037017,22.617465",10,30
114.037017,22.617465,2014-06-09 11:23:00,293040960,"68路","114.037017,22.617465",10,30
113.94075,22.540616,2014-06-09 15:07:00,323815719,"68路","113.94075,22.540616",6,3
113.940414,22.548408,2014-06-09 15:54:00,328204212,"68路","113.940414,22.548408",6,3
114.073417,22.542932,2014-06-09 10:23:00,329882984,"68路","114.073417,22.542932",9,17
114.033935,22.626565,2014-06-09 10:56:00,328250356,"68路","114.033935,22.626565",10,30
114.062881,22.655099,2014-06-09 12:56:00,329463281,"68路","114.062881,22.655099",1,37
114.059448,22.638433,2014-06-09 17:02:00,293842492,"68路","114.059448,22.638433",12,33
114.043251,22.520349,2014-06-09 15:40:00,321876013,"68路","114.043251,22.520349",8,12
114.040382,22.611166,2014-06-09 16:29:00,326779760,"68路","114.040382,22.611166",19,28
114.043739,22.520059,2014-06-09 10:47:00,660544828,"68路","114.043739,22.520059",8,12
114.072135,22.654684,2014-06-09 13:26:00,251069044,"68路","114.072135,22.654684",28,39
114.06855,22.659349,2014-06-09 13:27:00,50577083,"68路","114.06855,22.659349",34,38
114.036865,22.617517,2014-06-09 14:34:00,326312987,"68路","114.036865,22.617517",10,30
113.940414,22.549299,2014-06-09 16:57:00,329546635,"68路","113.940414,22.549299",6,3
113.940696,22.540016,2014-06-09 17:00:00,20153688,"68路","113.940696,22.540016",6,3
113.945068,22.537216,2014-06-09 10:53:00,281032988,"68路","113.945068,22.537216",29,4
114.047035,22.518667,2014-06-09 11:15:00,322595487,"68路","114.047035,22.518667",8,12
114.064689,22.537666,2014-06-09 11:25:00,80361573,"68路","114.064689,22.537666",21,15
114.073616,22.542949,2014-06-09 11:29:00,329529433,"68路","114.073616,22.542949",9,17
114.045516,22.59885,2014-06-09 11:47:00,293419866,"68路","114.045516,22.59885",24,25
114.032798,22.629484,2014-06-09 12:00:00,296074084,"68路","114.032798,22.629484",10,30
114.031646,22.637199,2014-06-09 14:15:00,329686328,"68路","114.031646,22.637199",2,31
114.046615,22.518983,2014-06-09 15:11:00,293036007,"68路","114.046615,22.518983",8,12
113.940567,22.544649,2014-06-09 16:44:00,680125833,"68路","113.940567,22.544649",6,3
113.945098,22.533132,2014-06-09 16:49:00,330835852,"68路","113.945098,22.533132",29,4
113.995315,22.5277,2014-06-09 16:59:00,293826304,"68路","113.995315,22.5277",18,7
114.063285,22.52535,2014-06-09 17:19:00,290632122,"68路","114.063285,22.52535",25,14
114.040153,22.605667,2014-06-09 17:48:00,323330730,"68路","114.040153,22.605667",32,26
114.040466,22.610466,2014-06-09 17:50:00,293871841,"68路","114.040466,22.610466",19,28
113.940582,22.544633,2014-06-09 09:48:00,323662653,"68路","113.940582,22.544633",6,3
114.034553,22.625299,2014-06-09 13:28:00,23485430,"68路","114.034553,22.625299",10,30
114.076416,22.5445,2014-06-09 13:58:00,321791317,"68路","114.076416,22.5445",9,17
114.063301,22.528566,2014-06-09 14:06:00,291643433,"68路","114.063301,22.528566",25,14
113.940567,22.559165,2014-06-09 15:25:00,326479525,"68路","113.940567,22.559165",17,2
114.038185,22.6154,2014-06-09 16:53:00,322895873,"68路","114.038185,22.6154",10,30
113.94062,22.540466,2014-06-09 09:09:00,323443939,"68路","113.94062,22.540466",6,3
114.061431,22.651849,2014-06-09 12:08:00,324707873,"68路","114.061431,22.651849",13,36
114.035217,22.622116,2014-06-09 12:30:00,320375375,"68路","114.035217,22.622116",10,30
113.940368,22.5489,2014-06-09 14:16:00,290059960,"68路","113.940368,22.5489",6,3
114.042381,22.639482,2014-06-09 14:29:00,360638863,"68路","114.042381,22.639482",2,31
114.072181,22.543083,2014-06-09 15:15:00,291088718,"68路","114.072181,22.543083",9,17
113.940635,22.560333,2014-06-09 16:59:00,324408771,"68路","113.940635,22.560333",17,2
114.023132,22.531583,2014-06-09 10:16:00,330706056,"68路","114.023132,22.531583",26,9
114.059516,22.638383,2014-06-09 11:31:00,291501138,"68路","114.059516,22.638383",12,33
114.03173,22.637845,2014-06-09 13:32:00,326605530,"68路","114.03173,22.637845",2,31
114.037651,22.616117,2014-06-09 13:46:00,294181149,"68路","114.037651,22.616117",10,30
114.062965,22.528417,2014-06-09 14:20:00,320640683,"68路","114.062965,22.528417",25,14
114.023368,22.531566,2014-06-09 15:53:00,360878596,"68路","114.023368,22.531566",26,9
114.030464,22.527267,2014-06-09 15:55:00,294429675,"68路","114.030464,22.527267",4,10
114.073532,22.542865,2014-06-09 16:19:00,328671250,"68路","114.073532,22.542865",9,17
113.943565,22.539432,2014-06-09 10:10:00,296181041,"68路","113.943565,22.539432",29,4
113.94815,22.530067,2014-06-09 10:14:00,326431947,"68路","113.94815,22.530067",3,5
114.039436,22.522516,2014-06-09 10:27:00,360492174,"68路","114.039436,22.522516",5,11
114.032302,22.639583,2014-06-09 13:33:00,22026036,"68路","114.032302,22.639583",2,31
114.032768,22.629682,2014-06-09 13:39:00,327424592,"68路","114.032768,22.629682",10,30
114.062332,22.5636,2014-06-09 14:04:00,361384480,"68路","114.062332,22.5636",31,21
114.054031,22.518291,2014-06-09 16:20:00,151016056,"68路","114.054031,22.518291",8,12
